subjects,A,B,C,D,E,V,W,X,Y,Z
subject0,1.0,1.0,1.0,1.0,1.0,1.0,1.0,1.0,1.0,1.0
subject1,0.0,1.0,0.0,1.0,0.0,1.0,1.0,1.0,0.0,1.0
subject2,1.0,1.0,1.0,1.0,1.0,1.0,1.0,1.0,1.0,1.0
subject3,0.0,0.0,0.0,0.0,0.0,0.0,0.0,0.0,0.0,0.0
subject4,0.0,0.0,0.0,0.0,1.0,0.0,1.0,1.0,0.0,0.0
subject5,1.0,1.0,1.0,1.0,1.0,1.0,1.0,1.0,1.0,1.0
subject6,1.0,1.0,1.0,1.0,1.0,0.0,1.0,0.0,0.0,0.0
subject7,0.0,0.0,0.0,1.0,0.0,0.0,0.0,0.0,0.0,0.0
subject8,1.0,0.0,0.0,1.0,1.0,1.0,1.0,1.0,1.0,1.0
subject9,0.0,0.0,0.0,0.0,0.0,0.0,1.0,0.0,1.0,0.0
subject10,0.0,0.0,0.0,0.0,1.0,1.0,0.0,1.0,0.0,0.0
subject11,1.0,0.0,1.0,1.0,1.0,0.0,1.0,1.0,1.0,1.0
subject12,0.0,0.0,0.0,0.0,0.0,0.0,0.0,0.0,0.0,0.0
subject13,0.0,1.0,0.0,0.0,0.0,0.0,0.0,0.0,0.0,0.0
subject14,1.0,0.0,0.0,1.0,0.0,1.0,0.0,1.0,1.0,1.0
subject15,0.0,0.0,0.0,0.0,0.0,1.0,1.0,0.0,0.0,1.0
subject16,1.0,1.0,1.0,0.0,1.0,1.0,0.0,1.0,1.0,1.0
subject17,1.0,1.0,1.0,1.0,1.0,1.0,1.0,1.0,1.0,1.0
subject18,1.0,1.0,0.0,1.0,1.0,1.0,1.0,1.0,1.0,1.0
subject19,1.0,1.0,1.0,1.0,1.0,1.0,1.0,1.0,1.0,1.0
subject20,1.0,1.0,0.0,0.0,0.0,0.0,0.0,0.0,0.0,1.0
subject21,0.0,1.0,0.0,0.0,0.0,0.0,0.0,0.0,0.0,1.0
subject22,1.0,0.0,0.0,1.0,0.0,0.0,0.0,0.0,1.0,0.0
subject23,1.0,1.0,1.0,1.0,1.0,0.0,1.0,1.0,1.0,1.0
subject24,1.0,1.0,1.0,0.0,1.0,0.0,0.0,1.0,0.0,0.0
subject25,1.0,1.0,0.0,1.0,1.0,0.0,0.0,0.0,1.0,1.0
subject26,0.0,1.0,1.0,1.0,1.0,1.0,1.0,1.0,1.0,1.0
subject27,1.0,0.0,0.0,1.0,0.0,0.0,1.0,0.0,0.0,0.0
subject28,0.0,0.0,0.0,0.0,0.0,0.0,0.0,0.0,0.0,0.0
subject29,0.0,0.0,0.0,0.0,0.0,0.0,0.0,0.0,1.0,0.0
subject30,1.0,1.0,1.0,1.0,1.0,1.0,1.0,1.0,0.0,0.0
subject31,0.0,0.0,1.0,1.0,1.0,1.0,0.0,0.0,1.0,0.0
subject32,1.0,1.0,1.0,0.0,1.0,1.0,0.0,1.0,1.0,1.0
subject33,0.0,0.0,1.0,0.0,1.0,1.0,1.0,1.0,1.0,0.0
subject34,0.0,0.0,0.0,0.0,0.0,0.0,0.0,0.0,0.0,0.0
subject35,0.0,0.0,0.0,0.0,1.0,0.0,1.0,0.0,0.0,1.0
subject36,1.0,1.0,1.0,1.0,1.0,1.0,0.0,0.0,0.0,1.0
subject37,0.0,1.0,0.0,0.0,1.0,0.0,0.0,0.0,0.0,0.0
subject38,0.0,0.0,0.0,0.0,1.0,1.0,0.0,0.0,1.0,1.0
subject39,1.0,1.0,1.0,1.0,1.0,1.0,1.0,1.0,1.0,1.0
subject40,0.0,1.0,0.0,0.0,1.0,0.0,1.0,1.0,1.0,0.0
subject41,0.0,0.0,0.0,1.0,1.0,0.0,1.0,0.0,1.0,0.0
subject42,0.0,0.0,1.0,0.0,0.0,0.0,0.0,0.0,0.0,0.0
subject43,1.0,0.0,0.0,1.0,0.0,1.0,1.0,0.0,1.0,0.0
subject44,0.0,0.0,0.0,0.0,0.0,0.0,0.0,0.0,0.0,0.0
subject45,1.0,1.0,1.0,1.0,1.0,1.0,1.0,1.0,1.0,1.0
subject46,1.0,1.0,1.0,1.0,1.0,1.0,1.0,1.0,1.0,1.0
subject47,1.0,1.0,1.0,1.0,1.0,0.0,1.0,0.0,1.0,0.0
subject48,0.0,0.0,0.0,0.0,0.0,0.0,1.0,1.0,0.0,1.0
subject49,0.0,0.0,1.0,0.0,0.0,0.0,0.0,0.0,1.0,0.0
subject50,1.0,1.0,1.0,0.0,0.0,0.0,0.0,1.0,1.0,0.0
subject51,0.0,0.0,0.0,1.0,0.0,0.0,0.0,0.0,0.0,1.0
subject52,0.0,1.0,0.0,1.0,0.0,1.0,0.0,0.0,0.0,0.0
subject53,0.0,1.0,0.0,1.0,0.0,0.0,0.0,1.0,0.0,1.0
subject54,0.0,1.0,0.0,1.0,1.0,0.0,0.0,1.0,1.0,0.0
subject55,0.0,1.0,0.0,0.0,1.0,0.0,1.0,1.0,1.0,1.0
subject56,1.0,1.0,1.0,0.0,1.0,1.0,0.0,1.0,1.0,1.0
subject57,1.0,1.0,0.0,1.0,1.0,1.0,1.0,0.0,0.0,1.0
subject58,0.0,0.0,1.0,0.0,0.0,1.0,0.0,0.0,0.0,1.0
subject59,0.0,0.0,0.0,0.0,0.0,1.0,0.0,0.0,1.0,0.0
subject60,0.0,0.0,0.0,0.0,1.0,1.0,1.0,1.0,0.0,1.0
subject61,0.0,0.0,0.0,0.0,0.0,0.0,1.0,1.0,0.0,0.0
subject62,1.0,1.0,1.0,1.0,1.0,1.0,0.0,1.0,0.0,1.0
subject63,1.0,1.0,1.0,1.0,1.0,1.0,1.0,0.0,0.0,0.0
subject64,1.0,1.0,0.0,0.0,0.0,1.0,1.0,0.0,0.0,1.0
subject65,0.0,0.0,0.0,0.0,0.0,0.0,0.0,0.0,0.0,0.0
subject66,0.0,0.0,1.0,0.0,0.0,1.0,1.0,0.0,0.0,0.0
subject67,1.0,1.0,1.0,1.0,1.0,1.0,1.0,1.0,1.0,1.0
subject68,0.0,0.0,0.0,0.0,0.0,1.0,0.0,1.0,0.0,1.0
subject69,1.0,0.0,0.0,0.0,0.0,0.0,1.0,0.0,0.0,0.0
subject70,0.0,0.0,0.0,0.0,0.0,0.0,0.0,0.0,0.0,0.0
subject71,1.0,1.0,1.0,1.0,1.0,1.0,1.0,0.0,1.0,1.0
subject72,1.0,1.0,1.0,0.0,1.0,1.0,1.0,1.0,1.0,1.0
subject73,1.0,0.0,1.0,0.0,0.0,1.0,0.0,0.0,0.0,0.0
subject74,0.0,1.0,0.0,1.0,0.0,0.0,0.0,0.0,0.0,0.0
subject75,1.0,0.0,1.0,1.0,1.0,1.0,1.0,1.0,1.0,1.0
subject76,0.0,0.0,0.0,0.0,0.0,0.0,0.0,0.0,0.0,0.0
subject77,1.0,1.0,1.0,0.0,1.0,0.0,1.0,0.0,1.0,1.0
subject78,0.0,1.0,0.0,0.0,0.0,0.0,0.0,0.0,0.0,0.0
subject79,1.0,1.0,1.0,1.0,1.0,1.0,1.0,1.0,1.0,1.0
subject80,0.0,1.0,0.0,0.0,1.0,1.0,1.0,0.0,0.0,0.0
subject81,1.0,0.0,1.0,0.0,0.0,1.0,0.0,0.0,0.0,0.0
subject82,1.0,1.0,1.0,0.0,1.0,1.0,0.0,1.0,1.0,0.0
subject83,0.0,0.0,0.0,0.0,0.0,1.0,0.0,0.0,1.0,0.0
subject84,1.0,0.0,0.0,0.0,0.0,0.0,0.0,0.0,0.0,0.0
subject85,0.0,0.0,0.0,0.0,0.0,0.0,0.0,0.0,0.0,0.0
subject86,1.0,1.0,1.0,1.0,1.0,1.0,0.0,1.0,1.0,1.0
subject87,1.0,1.0,1.0,1.0,1.0,1.0,1.0,0.0,1.0,1.0
subject88,0.0,0.0,0.0,0.0,1.0,0.0,1.0,0.0,0.0,0.0
subject89,1.0,1.0,1.0,1.0,1.0,0.0,1.0,0.0,1.0,1.0
subject90,1.0,1.0,1.0,1.0,1.0,1.0,1.0,1.0,0.0,1.0
subject91,1.0,1.0,1.0,0.0,1.0,1.0,1.0,1.0,1.0,0.0
subject92,1.0,1.0,1.0,0.0,1.0,1.0,1.0,1.0,0.0,1.0
subject93,0.0,1.0,0.0,1.0,0.0,1.0,0.0,0.0,1.0,1.0
subject94,1.0,1.0,0.0,1.0,1.0,1.0,0.0,1.0,0.0,1.0
subject95,0.0,0.0,0.0,0.0,0.0,0.0,0.0,0.0,0.0,1.0
subject96,1.0,1.0,1.0,1.0,1.0,1.0,1.0,1.0,1.0,1.0
subject97,0.0,0.0,0.0,1.0,0.0,0.0,1.0,0.0,1.0,0.0
subject98,1.0,1.0,0.0,1.0,1.0,1.0,1.0,1.0,1.0,0.0
subject99,1.0,1.0,1.0,1.0,0.0,0.0,0.0,0.0,1.0,0.0
subject100,1.0,0.0,1.0,1.0,0.0,1.0,1.0,0.0,0.0,1.0
subject101,0.0,0.0,0.0,0.0,0.0,0.0,0.0,0.0,0.0,0.0
subject102,0.0,0.0,1.0,1.0,1.0,1.0,1.0,1.0,1.0,1.0
subject103,1.0,1.0,1.0,1.0,1.0,1.0,1.0,1.0,1.0,1.0
subject104,1.0,1.0,1.0,0.0,1.0,1.0,1.0,1.0,1.0,1.0
subject105,0.0,1.0,0.0,1.0,1.0,1.0,1.0,1.0,1.0,1.0
subject106,0.0,0.0,1.0,1.0,1.0,0.0,0.0,0.0,0.0,1.0
subject107,0.0,0.0,0.0,1.0,1.0,1.0,0.0,0.0,0.0,1.0
subject108,1.0,1.0,0.0,1.0,1.0,0.0,0.0,0.0,0.0,1.0
subject109,0.0,0.0,0.0,0.0,0.0,0.0,0.0,0.0,0.0,0.0
subject110,1.0,1.0,1.0,1.0,1.0,1.0,1.0,1.0,1.0,1.0
subject111,1.0,1.0,0.0,1.0,1.0,1.0,1.0,1.0,1.0,1.0
subject112,0.0,1.0,0.0,1.0,0.0,1.0,1.0,0.0,0.0,0.0
subject113,1.0,1.0,1.0,1.0,0.0,1.0,1.0,1.0,1.0,1.0
subject114,0.0,0.0,0.0,0.0,0.0,0.0,1.0,0.0,0.0,0.0
subject115,1.0,1.0,0.0,1.0,1.0,0.0,1.0,1.0,0.0,1.0
subject116,1.0,0.0,0.0,1.0,1.0,1.0,0.0,0.0,1.0,0.0
subject117,1.0,1.0,1.0,1.0,1.0,1.0,1.0,1.0,0.0,1.0
subject118,1.0,1.0,1.0,1.0,1.0,1.0,1.0,1.0,1.0,1.0
subject119,0.0,0.0,1.0,1.0,1.0,0.0,1.0,0.0,0.0,0.0
subject120,0.0,0.0,0.0,0.0,0.0,0.0,0.0,0.0,0.0,0.0
subject121,1.0,1.0,1.0,1.0,1.0,1.0,1.0,0.0,1.0,1.0
subject122,0.0,0.0,1.0,1.0,1.0,1.0,1.0,0.0,1.0,1.0
subject123,0.0,0.0,1.0,1.0,0.0,0.0,0.0,0.0,0.0,1.0
subject124,0.0,0.0,0.0,0.0,0.0,0.0,1.0,0.0,0.0,1.0
subject125,1.0,1.0,1.0,1.0,1.0,1.0,1.0,1.0,1.0,1.0
subject126,0.0,0.0,0.0,0.0,0.0,0.0,1.0,0.0,0.0,0.0
subject127,1.0,1.0,0.0,0.0,1.0,0.0,0.0,1.0,1.0,0.0
subject128,1.0,1.0,1.0,1.0,1.0,1.0,1.0,1.0,1.0,0.0
subject129,1.0,1.0,1.0,1.0,0.0,0.0,1.0,1.0,1.0,1.0
subject130,0.0,1.0,0.0,1.0,1.0,1.0,1.0,0.0,1.0,1.0
subject131,0.0,0.0,0.0,0.0,0.0,1.0,0.0,0.0,0.0,0.0
subject132,1.0,0.0,1.0,0.0,0.0,1.0,0.0,0.0,1.0,1.0
subject133,1.0,1.0,1.0,1.0,1.0,1.0,0.0,1.0,0.0,1.0
subject134,0.0,0.0,0.0,0.0,0.0,0.0,0.0,0.0,0.0,0.0
subject135,0.0,0.0,0.0,0.0,0.0,0.0,0.0,0.0,0.0,0.0
subject136,1.0,1.0,1.0,0.0,1.0,1.0,1.0,1.0,1.0,1.0
subject137,1.0,0.0,0.0,1.0,1.0,0.0,0.0,0.0,0.0,0.0
subject138,1.0,1.0,1.0,1.0,1.0,1.0,1.0,1.0,1.0,0.0
subject139,1.0,1.0,0.0,0.0,0.0,1.0,0.0,1.0,1.0,1.0
subject140,0.0,1.0,1.0,1.0,0.0,0.0,1.0,0.0,1.0,1.0
subject141,1.0,0.0,1.0,1.0,1.0,0.0,1.0,1.0,1.0,0.0
subject142,0.0,1.0,1.0,0.0,1.0,0.0,1.0,1.0,1.0,0.0
subject143,0.0,0.0,1.0,1.0,0.0,0.0,1.0,1.0,1.0,1.0
subject144,1.0,0.0,0.0,1.0,1.0,1.0,1.0,0.0,0.0,1.0
subject145,0.0,1.0,0.0,0.0,0.0,1.0,0.0,0.0,0.0,0.0
subject146,1.0,1.0,1.0,1.0,1.0,1.0,1.0,0.0,1.0,1.0
subject147,0.0,0.0,0.0,0.0,0.0,0.0,0.0,1.0,1.0,0.0
subject148,1.0,0.0,0.0,1.0,0.0,0.0,1.0,1.0,1.0,1.0
subject149,1.0,1.0,1.0,1.0,1.0,1.0,1.0,1.0,0.0,1.0
subject150,1.0,1.0,1.0,1.0,1.0,1.0,1.0,1.0,0.0,0.0
subject151,1.0,1.0,1.0,0.0,1.0,1.0,1.0,1.0,1.0,1.0
subject152,0.0,0.0,0.0,1.0,1.0,1.0,1.0,1.0,1.0,1.0
subject153,0.0,0.0,1.0,1.0,0.0,0.0,0.0,0.0,0.0,0.0
subject154,0.0,0.0,0.0,0.0,0.0,0.0,0.0,0.0,0.0,0.0
subject155,1.0,0.0,0.0,0.0,0.0,1.0,0.0,0.0,0.0,0.0
subject156,1.0,1.0,1.0,0.0,1.0,0.0,0.0,1.0,1.0,0.0
subject157,1.0,1.0,1.0,1.0,1.0,0.0,0.0,0.0,1.0,0.0
subject158,1.0,1.0,0.0,0.0,1.0,1.0,1.0,1.0,0.0,1.0
subject159,0.0,1.0,0.0,0.0,0.0,1.0,1.0,0.0,1.0,1.0
subject160,0.0,1.0,0.0,0.0,0.0,1.0,0.0,1.0,0.0,0.0
subject161,1.0,1.0,1.0,1.0,1.0,1.0,1.0,1.0,1.0,1.0
subject162,0.0,0.0,0.0,0.0,0.0,0.0,0.0,0.0,0.0,0.0
subject163,1.0,1.0,1.0,1.0,1.0,1.0,0.0,1.0,1.0,1.0
subject164,0.0,0.0,0.0,0.0,0.0,0.0,0.0,0.0,1.0,0.0
subject165,1.0,1.0,1.0,1.0,1.0,0.0,1.0,1.0,1.0,0.0
subject166,0.0,0.0,0.0,1.0,1.0,1.0,1.0,1.0,1.0,0.0
subject167,1.0,1.0,0.0,1.0,1.0,0.0,1.0,1.0,1.0,1.0
subject168,0.0,0.0,1.0,1.0,1.0,0.0,1.0,1.0,0.0,0.0
subject169,1.0,1.0,1.0,1.0,1.0,1.0,1.0,1.0,1.0,1.0
subject170,1.0,1.0,0.0,1.0,0.0,1.0,1.0,1.0,1.0,1.0
subject171,1.0,0.0,0.0,0.0,1.0,1.0,1.0,0.0,0.0,0.0
subject172,0.0,0.0,1.0,0.0,0.0,1.0,0.0,0.0,1.0,1.0
subject173,1.0,1.0,0.0,0.0,0.0,1.0,1.0,0.0,1.0,0.0
subject174,1.0,1.0,1.0,1.0,1.0,1.0,1.0,1.0,1.0,1.0
subject175,1.0,1.0,1.0,1.0,1.0,1.0,1.0,1.0,1.0,1.0
subject176,1.0,1.0,0.0,1.0,0.0,0.0,1.0,1.0,1.0,0.0
subject177,1.0,0.0,1.0,0.0,0.0,1.0,0.0,1.0,0.0,1.0
subject178,1.0,1.0,0.0,0.0,1.0,1.0,0.0,0.0,0.0,1.0
subject179,0.0,1.0,0.0,0.0,0.0,0.0,0.0,0.0,0.0,0.0
subject180,0.0,0.0,0.0,0.0,0.0,0.0,0.0,0.0,0.0,0.0
subject181,1.0,0.0,0.0,1.0,0.0,0.0,0.0,0.0,0.0,1.0
subject182,0.0,1.0,1.0,1.0,0.0,1.0,0.0,0.0,0.0,0.0
subject183,0.0,0.0,0.0,1.0,1.0,0.0,0.0,1.0,1.0,0.0
subject184,1.0,1.0,1.0,1.0,1.0,1.0,1.0,1.0,1.0,1.0
subject185,0.0,0.0,0.0,0.0,0.0,0.0,0.0,0.0,0.0,0.0
subject186,1.0,1.0,1.0,1.0,1.0,1.0,1.0,1.0,1.0,1.0
subject187,1.0,1.0,1.0,0.0,0.0,1.0,1.0,0.0,0.0,1.0
subject188,0.0,1.0,1.0,1.0,1.0,1.0,1.0,1.0,0.0,1.0
subject189,0.0,1.0,1.0,1.0,1.0,0.0,1.0,1.0,0.0,1.0
subject190,1.0,1.0,1.0,1.0,0.0,1.0,1.0,1.0,0.0,1.0
subject191,0.0,1.0,0.0,0.0,1.0,1.0,0.0,1.0,1.0,1.0
subject192,1.0,1.0,1.0,1.0,1.0,1.0,1.0,1.0,1.0,1.0
subject193,0.0,0.0,0.0,0.0,0.0,0.0,0.0,1.0,0.0,0.0
subject194,0.0,0.0,1.0,0.0,0.0,0.0,0.0,0.0,0.0,0.0
subject195,0.0,1.0,1.0,0.0,0.0,1.0,0.0,0.0,0.0,1.0
subject196,0.0,0.0,0.0,0.0,0.0,0.0,0.0,0.0,0.0,0.0
subject197,0.0,1.0,1.0,1.0,0.0,1.0,1.0,1.0,1.0,1.0
subject198,0.0,1.0,0.0,0.0,1.0,0.0,0.0,0.0,0.0,0.0
subject199,1.0,1.0,1.0,1.0,1.0,1.0,1.0,1.0,1.0,1.0
subject200,0.0,1.0,1.0,0.0,1.0,0.0,1.0,1.0,0.0,1.0
subject201,1.0,1.0,1.0,1.0,1.0,1.0,1.0,1.0,0.0,1.0
subject202,0.0,1.0,1.0,0.0,0.0,0.0,0.0,0.0,0.0,0.0
subject203,0.0,1.0,1.0,1.0,0.0,1.0,1.0,0.0,1.0,0.0
subject204,0.0,1.0,0.0,1.0,0.0,0.0,1.0,1.0,0.0,0.0
subject205,1.0,0.0,1.0,0.0,1.0,1.0,0.0,0.0,1.0,0.0
subject206,0.0,1.0,1.0,0.0,0.0,1.0,1.0,0.0,1.0,0.0
subject207,0.0,0.0,0.0,0.0,0.0,0.0,0.0,0.0,0.0,0.0
subject208,0.0,0.0,0.0,0.0,0.0,0.0,0.0,0.0,0.0,0.0
subject209,1.0,0.0,0.0,0.0,0.0,1.0,1.0,1.0,0.0,0.0
subject210,1.0,1.0,0.0,1.0,1.0,0.0,1.0,1.0,0.0,0.0
subject211,1.0,1.0,1.0,1.0,1.0,1.0,1.0,1.0,1.0,1.0
subject212,0.0,0.0,0.0,0.0,0.0,0.0,0.0,0.0,0.0,0.0
subject213,1.0,0.0,0.0,0.0,0.0,1.0,1.0,0.0,1.0,1.0
subject214,0.0,1.0,1.0,1.0,0.0,0.0,0.0,0.0,0.0,0.0
subject215,1.0,1.0,1.0,0.0,1.0,1.0,0.0,0.0,1.0,1.0
subject216,0.0,0.0,0.0,0.0,0.0,0.0,0.0,1.0,1.0,0.0
subject217,0.0,0.0,0.0,0.0,0.0,0.0,0.0,0.0,0.0,0.0
subject218,0.0,0.0,0.0,0.0,0.0,0.0,0.0,0.0,0.0,0.0
subject219,0.0,0.0,0.0,0.0,1.0,1.0,0.0,0.0,1.0,0.0
subject220,0.0,1.0,0.0,1.0,1.0,1.0,1.0,1.0,1.0,1.0
subject221,0.0,1.0,0.0,0.0,1.0,0.0,0.0,0.0,0.0,0.0
subject222,1.0,1.0,1.0,1.0,1.0,1.0,0.0,1.0,1.0,1.0
subject223,1.0,1.0,1.0,1.0,1.0,1.0,1.0,1.0,1.0,1.0
subject224,0.0,0.0,1.0,0.0,0.0,0.0,0.0,0.0,0.0,0.0
subject225,0.0,0.0,0.0,0.0,0.0,0.0,0.0,0.0,0.0,1.0
subject226,1.0,1.0,1.0,1.0,1.0,1.0,0.0,1.0,1.0,1.0
subject227,1.0,0.0,1.0,0.0,1.0,1.0,1.0,1.0,0.0,0.0
subject228,0.0,1.0,1.0,0.0,0.0,1.0,1.0,0.0,1.0,1.0
subject229,0.0,0.0,0.0,0.0,0.0,0.0,0.0,0.0,0.0,0.0
subject230,0.0,0.0,0.0,0.0,0.0,1.0,0.0,0.0,0.0,0.0
subject231,1.0,1.0,1.0,0.0,0.0,1.0,1.0,0.0,1.0,0.0
subject232,0.0,1.0,0.0,1.0,1.0,0.0,1.0,0.0,1.0,1.0
subject233,0.0,1.0,0.0,0.0,1.0,0.0,0.0,0.0,0.0,0.0
subject234,0.0,1.0,1.0,1.0,1.0,1.0,1.0,1.0,1.0,1.0
subject235,0.0,0.0,0.0,0.0,1.0,0.0,0.0,0.0,0.0,0.0
subject236,1.0,1.0,1.0,1.0,0.0,1.0,1.0,1.0,0.0,0.0
subject237,0.0,0.0,0.0,0.0,0.0,0.0,0.0,0.0,0.0,1.0
subject238,0.0,0.0,0.0,1.0,0.0,0.0,0.0,0.0,0.0,0.0
subject239,1.0,0.0,0.0,0.0,0.0,0.0,1.0,1.0,0.0,0.0
subject240,0.0,1.0,0.0,0.0,0.0,0.0,0.0,0.0,0.0,0.0
subject241,1.0,1.0,1.0,1.0,1.0,1.0,1.0,1.0,1.0,1.0
subject242,1.0,1.0,1.0,0.0,0.0,0.0,0.0,0.0,0.0,0.0
subject243,0.0,0.0,0.0,0.0,1.0,0.0,0.0,0.0,0.0,1.0
subject244,0.0,0.0,0.0,0.0,0.0,0.0,0.0,0.0,1.0,0.0
subject245,0.0,1.0,0.0,1.0,0.0,0.0,1.0,1.0,0.0,0.0
subject246,1.0,0.0,0.0,0.0,0.0,0.0,0.0,0.0,0.0,1.0
subject247,0.0,0.0,0.0,0.0,0.0,0.0,1.0,0.0,0.0,0.0
subject248,1.0,0.0,1.0,1.0,1.0,0.0,0.0,0.0,0.0,0.0
subject249,1.0,0.0,1.0,1.0,0.0,0.0,1.0,1.0,0.0,0.0
subject250,1.0,1.0,1.0,0.0,0.0,1.0,1.0,1.0,1.0,0.0
subject251,1.0,1.0,1.0,1.0,1.0,1.0,1.0,0.0,1.0,0.0
subject252,1.0,1.0,1.0,1.0,0.0,1.0,1.0,1.0,1.0,1.0
subject253,1.0,0.0,1.0,0.0,0.0,0.0,0.0,0.0,0.0,0.0
subject254,0.0,0.0,0.0,0.0,1.0,0.0,0.0,1.0,0.0,0.0
subject255,0.0,0.0,0.0,0.0,0.0,0.0,0.0,0.0,0.0,1.0
subject256,1.0,0.0,0.0,0.0,1.0,1.0,1.0,0.0,1.0,0.0
subject257,0.0,1.0,1.0,1.0,0.0,1.0,1.0,1.0,0.0,1.0
subject258,0.0,1.0,1.0,1.0,0.0,1.0,1.0,1.0,1.0,1.0
subject259,1.0,1.0,0.0,0.0,0.0,0.0,0.0,1.0,1.0,0.0
subject260,0.0,0.0,1.0,1.0,1.0,0.0,0.0,0.0,1.0,0.0
subject261,1.0,1.0,1.0,1.0,0.0,1.0,1.0,0.0,0.0,1.0
subject262,0.0,0.0,0.0,0.0,0.0,0.0,0.0,0.0,0.0,0.0
subject263,1.0,1.0,1.0,1.0,0.0,1.0,0.0,1.0,1.0,1.0
subject264,0.0,0.0,0.0,0.0,0.0,1.0,0.0,1.0,0.0,1.0
subject265,0.0,0.0,1.0,0.0,0.0,0.0,0.0,1.0,1.0,0.0
subject266,1.0,1.0,1.0,1.0,1.0,1.0,1.0,1.0,1.0,1.0
subject267,0.0,0.0,0.0,0.0,0.0,0.0,0.0,0.0,0.0,1.0
subject268,1.0,1.0,0.0,1.0,1.0,1.0,1.0,1.0,1.0,1.0
subject269,0.0,0.0,1.0,0.0,1.0,0.0,0.0,0.0,1.0,0.0
subject270,0.0,0.0,0.0,0.0,0.0,0.0,0.0,0.0,0.0,0.0
subject271,0.0,0.0,0.0,0.0,0.0,0.0,0.0,0.0,0.0,0.0
subject272,0.0,0.0,0.0,0.0,0.0,0.0,1.0,0.0,1.0,1.0
subject273,0.0,1.0,0.0,0.0,1.0,0.0,0.0,1.0,1.0,0.0
subject274,0.0,1.0,0.0,1.0,0.0,1.0,0.0,0.0,0.0,1.0
subject275,0.0,1.0,1.0,0.0,1.0,1.0,0.0,0.0,0.0,1.0
subject276,0.0,0.0,0.0,0.0,0.0,0.0,0.0,0.0,0.0,0.0
subject277,1.0,1.0,1.0,1.0,1.0,1.0,0.0,1.0,0.0,1.0
subject278,0.0,1.0,1.0,0.0,1.0,0.0,1.0,1.0,0.0,1.0
subject279,0.0,1.0,1.0,0.0,0.0,1.0,1.0,1.0,0.0,0.0
subject280,0.0,1.0,0.0,0.0,0.0,0.0,0.0,1.0,1.0,0.0
subject281,1.0,1.0,1.0,1.0,0.0,1.0,1.0,1.0,0.0,1.0
subject282,1.0,1.0,0.0,0.0,0.0,0.0,1.0,1.0,0.0,0.0
subject283,1.0,0.0,0.0,1.0,0.0,1.0,0.0,1.0,0.0,0.0
subject284,0.0,0.0,0.0,0.0,0.0,0.0,0.0,0.0,0.0,1.0
subject285,1.0,1.0,1.0,0.0,1.0,1.0,1.0,0.0,1.0,1.0
subject286,1.0,1.0,1.0,0.0,1.0,1.0,1.0,1.0,1.0,1.0
subject287,0.0,1.0,0.0,0.0,0.0,0.0,1.0,0.0,0.0,1.0
subject288,0.0,1.0,1.0,0.0,0.0,0.0,0.0,1.0,1.0,1.0
subject289,1.0,1.0,1.0,1.0,1.0,1.0,1.0,1.0,1.0,1.0
subject290,0.0,0.0,0.0,0.0,1.0,0.0,0.0,1.0,0.0,0.0
subject291,0.0,0.0,0.0,0.0,0.0,0.0,0.0,0.0,0.0,1.0
subject292,1.0,0.0,0.0,1.0,1.0,1.0,1.0,1.0,1.0,1.0
subject293,0.0,1.0,1.0,1.0,1.0,1.0,1.0,1.0,1.0,0.0
subject294,0.0,0.0,1.0,0.0,0.0,0.0,1.0,0.0,1.0,1.0
subject295,0.0,0.0,0.0,0.0,1.0,0.0,1.0,1.0,1.0,0.0
subject296,1.0,0.0,0.0,0.0,0.0,0.0,0.0,0.0,1.0,1.0
subject297,1.0,1.0,0.0,1.0,0.0,1.0,0.0,0.0,0.0,0.0
subject298,1.0,1.0,1.0,1.0,1.0,1.0,0.0,1.0,1.0,1.0
subject299,0.0,1.0,1.0,1.0,1.0,1.0,1.0,1.0,1.0,1.0
subject300,1.0,0.0,1.0,1.0,0.0,1.0,1.0,1.0,1.0,1.0
subject301,0.0,1.0,0.0,0.0,1.0,0.0,1.0,0.0,1.0,0.0
subject302,1.0,1.0,0.0,0.0,0.0,1.0,1.0,1.0,1.0,1.0
subject303,0.0,0.0,0.0,0.0,1.0,1.0,0.0,1.0,1.0,1.0
subject304,1.0,1.0,0.0,0.0,1.0,0.0,1.0,1.0,1.0,0.0
subject305,0.0,1.0,0.0,0.0,0.0,1.0,0.0,0.0,0.0,0.0
subject306,0.0,1.0,1.0,0.0,1.0,1.0,1.0,1.0,1.0,1.0
subject307,1.0,1.0,0.0,0.0,0.0,0.0,1.0,0.0,0.0,0.0
subject308,1.0,1.0,1.0,1.0,1.0,1.0,1.0,1.0,1.0,1.0
subject309,0.0,0.0,0.0,0.0,1.0,1.0,1.0,1.0,0.0,1.0
subject310,0.0,0.0,0.0,0.0,0.0,0.0,0.0,0.0,0.0,0.0
subject311,1.0,1.0,1.0,0.0,1.0,1.0,1.0,0.0,1.0,1.0
subject312,0.0,1.0,0.0,1.0,0.0,0.0,0.0,0.0,0.0,0.0
subject313,0.0,1.0,1.0,0.0,0.0,0.0,0.0,1.0,1.0,1.0
subject314,0.0,1.0,0.0,0.0,1.0,0.0,0.0,1.0,1.0,1.0
subject315,0.0,0.0,0.0,0.0,0.0,0.0,0.0,0.0,1.0,0.0
subject316,0.0,0.0,1.0,1.0,1.0,0.0,1.0,1.0,0.0,1.0
subject317,1.0,0.0,0.0,0.0,0.0,0.0,0.0,1.0,1.0,1.0
subject318,1.0,1.0,0.0,0.0,1.0,0.0,1.0,1.0,1.0,0.0
subject319,1.0,1.0,0.0,1.0,1.0,1.0,1.0,1.0,1.0,1.0
subject320,1.0,0.0,0.0,0.0,0.0,0.0,0.0,0.0,0.0,0.0
subject321,0.0,0.0,0.0,1.0,0.0,0.0,0.0,0.0,0.0,0.0
subject322,0.0,0.0,0.0,0.0,0.0,0.0,0.0,0.0,0.0,0.0
subject323,1.0,1.0,0.0,1.0,0.0,0.0,0.0,1.0,0.0,0.0
subject324,0.0,0.0,0.0,0.0,0.0,0.0,0.0,0.0,0.0,0.0
subject325,0.0,0.0,0.0,0.0,0.0,0.0,0.0,1.0,0.0,0.0
subject326,0.0,0.0,1.0,1.0,1.0,0.0,1.0,1.0,1.0,1.0
subject327,0.0,0.0,0.0,1.0,0.0,0.0,1.0,0.0,0.0,1.0
subject328,0.0,0.0,0.0,1.0,1.0,0.0,1.0,0.0,0.0,1.0
subject329,1.0,0.0,0.0,1.0,1.0,0.0,1.0,1.0,0.0,0.0
subject330,0.0,1.0,0.0,1.0,1.0,1.0,1.0,1.0,0.0,0.0
subject331,0.0,0.0,0.0,1.0,0.0,0.0,0.0,0.0,1.0,0.0
subject332,1.0,0.0,0.0,0.0,0.0,0.0,0.0,1.0,1.0,0.0
subject333,1.0,1.0,0.0,0.0,0.0,0.0,1.0,1.0,1.0,1.0
subject334,0.0,1.0,1.0,1.0,1.0,0.0,0.0,0.0,1.0,0.0
subject335,1.0,1.0,1.0,0.0,1.0,0.0,0.0,0.0,1.0,1.0
subject336,1.0,0.0,1.0,0.0,1.0,1.0,1.0,1.0,1.0,0.0
subject337,0.0,0.0,0.0,0.0,0.0,0.0,0.0,0.0,0.0,0.0
subject338,1.0,0.0,0.0,0.0,1.0,0.0,1.0,0.0,0.0,0.0
subject339,0.0,0.0,0.0,1.0,1.0,1.0,1.0,1.0,1.0,1.0
subject340,1.0,0.0,1.0,1.0,1.0,1.0,1.0,1.0,1.0,1.0
subject341,1.0,1.0,1.0,0.0,1.0,0.0,0.0,0.0,1.0,0.0
subject342,1.0,1.0,1.0,1.0,0.0,1.0,0.0,1.0,0.0,1.0
subject343,1.0,1.0,1.0,1.0,1.0,1.0,1.0,1.0,1.0,1.0
subject344,1.0,1.0,1.0,0.0,0.0,1.0,1.0,1.0,1.0,1.0
subject345,1.0,0.0,1.0,0.0,0.0,1.0,1.0,1.0,0.0,0.0
subject346,1.0,1.0,1.0,1.0,1.0,0.0,1.0,1.0,1.0,1.0
subject347,1.0,1.0,1.0,1.0,0.0,1.0,1.0,0.0,0.0,0.0
subject348,1.0,1.0,0.0,1.0,0.0,1.0,0.0,1.0,1.0,1.0
subject349,0.0,0.0,0.0,0.0,0.0,0.0,0.0,1.0,0.0,0.0
subject350,1.0,1.0,0.0,1.0,0.0,0.0,0.0,0.0,0.0,0.0
subject351,1.0,1.0,1.0,0.0,1.0,0.0,1.0,1.0,1.0,1.0
subject352,1.0,1.0,1.0,0.0,0.0,1.0,0.0,0.0,0.0,0.0
subject353,1.0,0.0,1.0,0.0,1.0,1.0,1.0,1.0,0.0,1.0
subject354,1.0,0.0,0.0,1.0,1.0,1.0,1.0,0.0,0.0,0.0
subject355,1.0,0.0,0.0,0.0,0.0,0.0,0.0,0.0,0.0,0.0
subject356,1.0,1.0,1.0,1.0,0.0,1.0,1.0,1.0,1.0,1.0
subject357,0.0,0.0,0.0,0.0,0.0,0.0,0.0,0.0,0.0,0.0
subject358,1.0,1.0,1.0,1.0,1.0,1.0,1.0,1.0,1.0,1.0
subject359,0.0,1.0,1.0,0.0,1.0,0.0,1.0,1.0,1.0,0.0
subject360,0.0,0.0,0.0,1.0,1.0,1.0,0.0,0.0,0.0,1.0
subject361,0.0,0.0,0.0,0.0,1.0,1.0,0.0,0.0,1.0,1.0
subject362,1.0,0.0,0.0,0.0,0.0,0.0,0.0,0.0,1.0,0.0
subject363,0.0,0.0,0.0,1.0,1.0,1.0,1.0,1.0,0.0,1.0
subject364,0.0,1.0,0.0,1.0,0.0,1.0,0.0,0.0,0.0,0.0
subject365,1.0,1.0,0.0,1.0,0.0,1.0,0.0,0.0,1.0,0.0
subject366,1.0,0.0,1.0,1.0,0.0,1.0,1.0,1.0,0.0,1.0
subject367,0.0,0.0,0.0,1.0,1.0,1.0,0.0,0.0,1.0,1.0
subject368,0.0,0.0,0.0,0.0,1.0,0.0,0.0,0.0,1.0,0.0
subject369,1.0,1.0,0.0,0.0,0.0,1.0,1.0,1.0,1.0,1.0
subject370,0.0,1.0,1.0,1.0,0.0,0.0,1.0,0.0,1.0,1.0
subject371,1.0,1.0,1.0,1.0,1.0,1.0,0.0,1.0,1.0,1.0
subject372,1.0,1.0,1.0,0.0,1.0,0.0,0.0,0.0,1.0,0.0
subject373,1.0,1.0,1.0,1.0,1.0,1.0,1.0,1.0,1.0,1.0
subject374,0.0,0.0,0.0,1.0,1.0,0.0,0.0,0.0,1.0,0.0
subject375,1.0,0.0,1.0,1.0,1.0,1.0,1.0,1.0,1.0,1.0
subject376,0.0,1.0,1.0,0.0,0.0,1.0,1.0,0.0,1.0,0.0
subject377,1.0,1.0,0.0,1.0,1.0,0.0,0.0,0.0,1.0,0.0
subject378,1.0,1.0,1.0,1.0,1.0,1.0,1.0,1.0,1.0,1.0
subject379,0.0,0.0,0.0,0.0,0.0,0.0,0.0,0.0,0.0,0.0
subject380,0.0,0.0,0.0,0.0,0.0,1.0,1.0,0.0,0.0,0.0
subject381,0.0,0.0,0.0,0.0,0.0,1.0,0.0,0.0,0.0,0.0
subject382,0.0,0.0,0.0,0.0,0.0,0.0,0.0,0.0,0.0,0.0
subject383,0.0,1.0,0.0,0.0,1.0,0.0,1.0,1.0,1.0,1.0
subject384,0.0,0.0,1.0,1.0,0.0,0.0,0.0,1.0,0.0,0.0
subject385,1.0,1.0,1.0,0.0,1.0,1.0,1.0,1.0,1.0,1.0
subject386,0.0,1.0,1.0,1.0,1.0,1.0,1.0,1.0,1.0,0.0
subject387,1.0,1.0,1.0,1.0,1.0,1.0,1.0,1.0,1.0,1.0
subject388,1.0,1.0,0.0,0.0,0.0,1.0,0.0,0.0,1.0,0.0
subject389,0.0,1.0,1.0,0.0,0.0,0.0,0.0,0.0,0.0,0.0
subject390,0.0,0.0,0.0,0.0,1.0,1.0,0.0,0.0,0.0,0.0
subject391,1.0,1.0,1.0,0.0,1.0,1.0,1.0,1.0,1.0,1.0
subject392,0.0,0.0,0.0,0.0,0.0,0.0,0.0,0.0,0.0,0.0
subject393,0.0,1.0,0.0,1.0,1.0,1.0,1.0,0.0,0.0,1.0
subject394,0.0,1.0,0.0,1.0,1.0,0.0,0.0,0.0,1.0,0.0
subject395,0.0,0.0,0.0,0.0,0.0,1.0,1.0,0.0,0.0,1.0
subject396,1.0,0.0,0.0,0.0,1.0,0.0,0.0,0.0,0.0,0.0
subject397,0.0,0.0,1.0,1.0,1.0,0.0,1.0,0.0,1.0,1.0
subject398,0.0,0.0,0.0,0.0,0.0,0.0,1.0,0.0,0.0,0.0
subject399,0.0,1.0,0.0,1.0,0.0,1.0,1.0,1.0,1.0,1.0
subject400,0.0,0.0,0.0,1.0,1.0,0.0,1.0,0.0,1.0,0.0
subject401,1.0,0.0,1.0,1.0,1.0,1.0,1.0,1.0,1.0,0.0
subject402,0.0,1.0,0.0,0.0,0.0,0.0,0.0,0.0,0.0,0.0
subject403,1.0,0.0,0.0,0.0,1.0,0.0,1.0,1.0,1.0,0.0
subject404,1.0,1.0,1.0,1.0,1.0,1.0,1.0,1.0,1.0,1.0
subject405,1.0,1.0,1.0,0.0,1.0,1.0,1.0,0.0,1.0,1.0
subject406,1.0,1.0,1.0,1.0,1.0,1.0,1.0,1.0,1.0,1.0
subject407,0.0,0.0,0.0,0.0,0.0,0.0,0.0,0.0,0.0,0.0
subject408,0.0,0.0,0.0,0.0,0.0,0.0,0.0,0.0,0.0,1.0
subject409,0.0,0.0,0.0,0.0,0.0,0.0,0.0,0.0,0.0,1.0
subject410,1.0,1.0,0.0,1.0,0.0,0.0,1.0,0.0,0.0,1.0
subject411,0.0,0.0,0.0,0.0,0.0,1.0,0.0,1.0,0.0,0.0
subject412,1.0,0.0,1.0,0.0,0.0,1.0,0.0,1.0,0.0,0.0
subject413,1.0,1.0,1.0,1.0,1.0,1.0,1.0,1.0,1.0,0.0
subject414,1.0,0.0,1.0,1.0,1.0,0.0,1.0,1.0,1.0,0.0
subject415,1.0,1.0,1.0,1.0,1.0,1.0,0.0,0.0,1.0,0.0
subject416,1.0,1.0,1.0,1.0,1.0,1.0,1.0,0.0,1.0,1.0
subject417,0.0,0.0,0.0,1.0,0.0,1.0,1.0,1.0,1.0,1.0
subject418,0.0,0.0,0.0,0.0,0.0,1.0,0.0,0.0,0.0,1.0
subject419,1.0,1.0,1.0,1.0,1.0,1.0,1.0,1.0,1.0,1.0
subject420,1.0,1.0,1.0,1.0,1.0,0.0,0.0,1.0,1.0,1.0
subject421,1.0,0.0,0.0,1.0,0.0,0.0,1.0,0.0,0.0,0.0
subject422,0.0,0.0,0.0,0.0,0.0,0.0,0.0,0.0,0.0,0.0
subject423,0.0,0.0,0.0,1.0,1.0,0.0,0.0,0.0,0.0,0.0
subject424,1.0,1.0,1.0,1.0,1.0,1.0,1.0,1.0,1.0,1.0
subject425,1.0,1.0,0.0,0.0,0.0,0.0,0.0,0.0,1.0,0.0
subject426,1.0,0.0,1.0,1.0,1.0,0.0,1.0,1.0,1.0,1.0
subject427,0.0,0.0,0.0,0.0,0.0,0.0,0.0,0.0,0.0,0.0
subject428,1.0,0.0,1.0,1.0,1.0,1.0,1.0,1.0,0.0,0.0
subject429,1.0,1.0,1.0,1.0,1.0,1.0,0.0,0.0,0.0,0.0
subject430,0.0,0.0,0.0,1.0,0.0,1.0,0.0,0.0,0.0,0.0
subject431,0.0,0.0,0.0,1.0,1.0,0.0,1.0,0.0,0.0,0.0
subject432,0.0,1.0,1.0,0.0,0.0,0.0,0.0,1.0,0.0,1.0
subject433,0.0,1.0,1.0,1.0,0.0,1.0,1.0,0.0,0.0,1.0
subject434,0.0,1.0,0.0,1.0,0.0,0.0,0.0,0.0,1.0,0.0
subject435,1.0,1.0,1.0,1.0,1.0,1.0,0.0,1.0,1.0,0.0
subject436,0.0,1.0,0.0,1.0,1.0,1.0,1.0,1.0,1.0,1.0
subject437,0.0,1.0,0.0,0.0,0.0,0.0,0.0,0.0,0.0,1.0
subject438,1.0,0.0,1.0,1.0,0.0,0.0,0.0,0.0,0.0,0.0
subject439,1.0,0.0,0.0,1.0,0.0,1.0,0.0,1.0,1.0,0.0
subject440,0.0,0.0,0.0,0.0,0.0,0.0,0.0,0.0,0.0,0.0
subject441,0.0,1.0,1.0,1.0,0.0,1.0,0.0,0.0,1.0,1.0
subject442,1.0,1.0,0.0,1.0,1.0,1.0,1.0,1.0,1.0,0.0
subject443,1.0,0.0,1.0,1.0,0.0,1.0,1.0,0.0,1.0,1.0
subject444,0.0,0.0,0.0,1.0,1.0,0.0,0.0,0.0,0.0,1.0
subject445,1.0,1.0,1.0,1.0,0.0,1.0,1.0,1.0,1.0,1.0
subject446,1.0,0.0,0.0,0.0,0.0,0.0,0.0,0.0,0.0,0.0
subject447,1.0,1.0,1.0,1.0,1.0,1.0,0.0,0.0,0.0,1.0
subject448,1.0,1.0,1.0,1.0,1.0,1.0,1.0,1.0,1.0,1.0
subject449,0.0,0.0,0.0,1.0,0.0,0.0,0.0,0.0,0.0,1.0
subject450,0.0,0.0,0.0,1.0,1.0,0.0,0.0,1.0,1.0,1.0
subject451,1.0,1.0,1.0,1.0,0.0,1.0,1.0,1.0,1.0,1.0
subject452,1.0,0.0,0.0,0.0,0.0,0.0,0.0,0.0,1.0,0.0
subject453,0.0,0.0,0.0,0.0,0.0,0.0,0.0,1.0,0.0,1.0
subject454,0.0,1.0,1.0,1.0,0.0,0.0,0.0,1.0,0.0,0.0
subject455,1.0,1.0,1.0,1.0,1.0,1.0,0.0,0.0,1.0,1.0
subject456,1.0,1.0,1.0,1.0,1.0,1.0,1.0,1.0,1.0,1.0
subject457,0.0,0.0,0.0,0.0,0.0,0.0,0.0,0.0,0.0,0.0
subject458,0.0,0.0,0.0,0.0,0.0,1.0,1.0,0.0,0.0,0.0
subject459,0.0,0.0,0.0,0.0,0.0,0.0,0.0,0.0,0.0,0.0
subject460,0.0,0.0,1.0,0.0,1.0,0.0,1.0,1.0,1.0,0.0
subject461,1.0,1.0,1.0,1.0,1.0,1.0,1.0,1.0,1.0,1.0
subject462,0.0,0.0,0.0,0.0,0.0,0.0,0.0,0.0,0.0,0.0
subject463,1.0,1.0,1.0,1.0,1.0,0.0,1.0,1.0,1.0,1.0
subject464,1.0,1.0,1.0,1.0,1.0,0.0,1.0,0.0,1.0,0.0
subject465,1.0,0.0,1.0,0.0,0.0,0.0,0.0,0.0,0.0,0.0
subject466,0.0,1.0,1.0,1.0,1.0,1.0,1.0,1.0,1.0,1.0
subject467,0.0,1.0,1.0,0.0,0.0,0.0,0.0,0.0,0.0,0.0
subject468,1.0,1.0,1.0,1.0,1.0,1.0,1.0,0.0,1.0,1.0
subject469,1.0,0.0,0.0,1.0,1.0,0.0,0.0,1.0,1.0,0.0
subject470,0.0,0.0,0.0,0.0,0.0,1.0,0.0,0.0,0.0,0.0
subject471,0.0,1.0,0.0,1.0,0.0,0.0,1.0,1.0,0.0,0.0
subject472,0.0,1.0,0.0,1.0,1.0,1.0,1.0,0.0,1.0,1.0
subject473,0.0,0.0,0.0,0.0,1.0,0.0,1.0,0.0,0.0,0.0
subject474,1.0,0.0,0.0,1.0,1.0,0.0,1.0,1.0,1.0,0.0
subject475,0.0,0.0,0.0,0.0,1.0,0.0,0.0,0.0,0.0,1.0
subject476,1.0,1.0,1.0,1.0,1.0,1.0,1.0,1.0,1.0,1.0
subject477,0.0,0.0,1.0,1.0,0.0,0.0,0.0,1.0,0.0,1.0
subject478,1.0,1.0,1.0,0.0,1.0,1.0,1.0,1.0,1.0,1.0
subject479,1.0,1.0,1.0,0.0,1.0,1.0,1.0,1.0,1.0,1.0
subject480,0.0,0.0,0.0,0.0,0.0,0.0,0.0,0.0,0.0,0.0
subject481,1.0,0.0,0.0,1.0,0.0,1.0,1.0,1.0,1.0,1.0
subject482,1.0,1.0,1.0,1.0,0.0,1.0,1.0,1.0,1.0,1.0
subject483,0.0,0.0,0.0,0.0,0.0,0.0,0.0,0.0,0.0,1.0
subject484,0.0,0.0,0.0,0.0,0.0,1.0,0.0,0.0,1.0,0.0
subject485,1.0,1.0,0.0,1.0,1.0,0.0,1.0,0.0,1.0,1.0
subject486,0.0,0.0,0.0,0.0,0.0,0.0,0.0,0.0,0.0,0.0
subject487,1.0,1.0,1.0,1.0,1.0,1.0,1.0,1.0,1.0,1.0
subject488,0.0,0.0,0.0,0.0,0.0,1.0,0.0,0.0,0.0,1.0
subject489,0.0,0.0,1.0,0.0,0.0,0.0,1.0,1.0,1.0,0.0
subject490,1.0,1.0,1.0,1.0,1.0,1.0,1.0,1.0,1.0,1.0
subject491,1.0,1.0,1.0,1.0,1.0,1.0,1.0,1.0,1.0,1.0
subject492,0.0,0.0,0.0,0.0,1.0,1.0,0.0,0.0,0.0,0.0
subject493,1.0,1.0,1.0,1.0,0.0,1.0,0.0,1.0,1.0,1.0
subject494,0.0,0.0,0.0,1.0,0.0,0.0,0.0,0.0,1.0,0.0
subject495,0.0,1.0,1.0,0.0,0.0,0.0,1.0,1.0,0.0,0.0
subject496,1.0,1.0,1.0,1.0,1.0,1.0,0.0,1.0,1.0,0.0
subject497,1.0,0.0,1.0,1.0,0.0,1.0,0.0,1.0,1.0,1.0
subject498,0.0,1.0,1.0,0.0,1.0,0.0,0.0,1.0,0.0,0.0
subject499,1.0,0.0,1.0,1.0,1.0,1.0,1.0,1.0,0.0,1.0
subject500,1.0,1.0,1.0,1.0,1.0,1.0,0.0,1.0,1.0,1.0
subject501,1.0,1.0,1.0,1.0,1.0,0.0,1.0,1.0,1.0,1.0
subject502,0.0,1.0,0.0,0.0,0.0,0.0,0.0,1.0,0.0,0.0
subject503,1.0,1.0,0.0,0.0,0.0,0.0,0.0,1.0,0.0,0.0
subject504,0.0,0.0,0.0,0.0,0.0,0.0,0.0,0.0,0.0,0.0
subject505,0.0,1.0,1.0,1.0,1.0,0.0,0.0,1.0,1.0,0.0
subject506,1.0,1.0,1.0,1.0,1.0,1.0,0.0,1.0,0.0,1.0
subject507,0.0,0.0,0.0,0.0,1.0,0.0,0.0,1.0,0.0,1.0
subject508,1.0,1.0,0.0,1.0,0.0,1.0,1.0,0.0,1.0,0.0
subject509,1.0,1.0,0.0,1.0,1.0,0.0,1.0,1.0,1.0,1.0
subject510,1.0,1.0,1.0,1.0,1.0,1.0,0.0,0.0,1.0,1.0
subject511,0.0,0.0,0.0,0.0,1.0,0.0,1.0,0.0,0.0,0.0
subject512,1.0,1.0,0.0,0.0,1.0,1.0,1.0,1.0,1.0,0.0
subject513,1.0,0.0,1.0,1.0,1.0,1.0,1.0,0.0,1.0,1.0
subject514,0.0,1.0,0.0,0.0,0.0,1.0,0.0,1.0,1.0,1.0
subject515,0.0,0.0,1.0,1.0,1.0,0.0,1.0,0.0,1.0,0.0
subject516,0.0,0.0,1.0,1.0,1.0,1.0,1.0,0.0,1.0,0.0
subject517,0.0,1.0,1.0,0.0,1.0,1.0,1.0,0.0,0.0,0.0
subject518,0.0,0.0,0.0,0.0,0.0,0.0,0.0,0.0,1.0,0.0
subject519,1.0,0.0,0.0,0.0,0.0,0.0,0.0,0.0,0.0,0.0
subject520,0.0,0.0,0.0,0.0,1.0,0.0,1.0,0.0,0.0,0.0
subject521,0.0,0.0,0.0,1.0,0.0,0.0,0.0,1.0,0.0,0.0
subject522,0.0,0.0,1.0,0.0,0.0,0.0,0.0,1.0,0.0,0.0
subject523,0.0,0.0,0.0,0.0,0.0,0.0,0.0,0.0,0.0,0.0
subject524,1.0,0.0,1.0,1.0,0.0,0.0,1.0,1.0,0.0,0.0
subject525,0.0,0.0,0.0,0.0,0.0,0.0,0.0,0.0,0.0,0.0
subject526,0.0,0.0,1.0,1.0,1.0,1.0,0.0,1.0,1.0,1.0
subject527,0.0,1.0,1.0,1.0,1.0,0.0,0.0,1.0,0.0,1.0
subject528,0.0,1.0,1.0,0.0,0.0,0.0,1.0,1.0,0.0,1.0
subject529,0.0,1.0,1.0,0.0,1.0,0.0,1.0,1.0,0.0,0.0
subject530,1.0,1.0,1.0,0.0,1.0,1.0,0.0,1.0,1.0,1.0
subject531,0.0,1.0,1.0,1.0,1.0,0.0,0.0,1.0,0.0,1.0
subject532,0.0,1.0,1.0,1.0,0.0,0.0,0.0,0.0,1.0,0.0
subject533,1.0,1.0,0.0,0.0,1.0,1.0,1.0,0.0,1.0,1.0
subject534,1.0,1.0,1.0,1.0,1.0,1.0,1.0,1.0,1.0,1.0
subject535,0.0,0.0,0.0,1.0,0.0,0.0,0.0,0.0,0.0,0.0
subject536,1.0,1.0,1.0,0.0,1.0,1.0,1.0,1.0,1.0,1.0
subject537,1.0,1.0,1.0,0.0,1.0,0.0,1.0,0.0,0.0,1.0
subject538,0.0,1.0,1.0,1.0,0.0,1.0,1.0,0.0,0.0,0.0
subject539,0.0,1.0,0.0,1.0,1.0,0.0,0.0,1.0,0.0,1.0
subject540,0.0,1.0,0.0,0.0,1.0,1.0,1.0,1.0,0.0,1.0
subject541,0.0,0.0,0.0,0.0,0.0,0.0,0.0,0.0,0.0,0.0
subject542,1.0,0.0,0.0,0.0,0.0,0.0,0.0,0.0,0.0,0.0
subject543,1.0,1.0,1.0,1.0,1.0,1.0,1.0,1.0,1.0,0.0
subject544,1.0,1.0,1.0,1.0,1.0,1.0,1.0,1.0,1.0,1.0
subject545,0.0,0.0,1.0,0.0,0.0,0.0,0.0,0.0,0.0,0.0
subject546,0.0,1.0,0.0,0.0,1.0,0.0,0.0,1.0,0.0,0.0
subject547,0.0,1.0,1.0,1.0,1.0,1.0,0.0,1.0,1.0,1.0
subject548,1.0,1.0,0.0,0.0,0.0,0.0,1.0,0.0,0.0,1.0
subject549,0.0,0.0,0.0,0.0,0.0,1.0,0.0,1.0,0.0,1.0
subject550,1.0,1.0,1.0,1.0,1.0,1.0,0.0,1.0,1.0,1.0
subject551,1.0,1.0,1.0,1.0,1.0,1.0,1.0,1.0,1.0,1.0
subject552,0.0,0.0,0.0,0.0,1.0,0.0,1.0,1.0,1.0,0.0
subject553,1.0,1.0,1.0,1.0,1.0,1.0,1.0,0.0,1.0,1.0
subject554,0.0,0.0,0.0,0.0,1.0,1.0,0.0,0.0,0.0,0.0
subject555,1.0,1.0,0.0,1.0,1.0,1.0,1.0,0.0,0.0,0.0
subject556,0.0,0.0,0.0,0.0,0.0,0.0,0.0,0.0,0.0,0.0
subject557,1.0,1.0,1.0,1.0,0.0,1.0,1.0,1.0,1.0,1.0
subject558,0.0,0.0,0.0,0.0,0.0,0.0,0.0,1.0,0.0,0.0
subject559,0.0,0.0,0.0,1.0,0.0,0.0,1.0,0.0,0.0,0.0
subject560,1.0,1.0,1.0,1.0,1.0,1.0,1.0,1.0,1.0,1.0
subject561,1.0,1.0,1.0,1.0,1.0,1.0,0.0,1.0,0.0,1.0
subject562,1.0,0.0,0.0,1.0,0.0,1.0,0.0,0.0,1.0,1.0
subject563,1.0,0.0,1.0,1.0,0.0,0.0,1.0,0.0,0.0,0.0
subject564,0.0,0.0,0.0,0.0,0.0,0.0,0.0,0.0,0.0,0.0
subject565,1.0,1.0,1.0,1.0,1.0,0.0,0.0,1.0,0.0,0.0
subject566,0.0,0.0,0.0,0.0,0.0,0.0,0.0,0.0,0.0,0.0
subject567,1.0,1.0,0.0,1.0,0.0,1.0,1.0,1.0,1.0,1.0
subject568,1.0,0.0,0.0,1.0,0.0,0.0,0.0,1.0,1.0,0.0
subject569,1.0,0.0,1.0,1.0,0.0,0.0,0.0,1.0,1.0,1.0
subject570,0.0,0.0,0.0,0.0,0.0,0.0,0.0,0.0,0.0,0.0
subject571,1.0,1.0,0.0,0.0,0.0,0.0,0.0,0.0,0.0,0.0
subject572,1.0,1.0,0.0,1.0,1.0,1.0,1.0,1.0,1.0,1.0
subject573,0.0,0.0,0.0,0.0,0.0,0.0,0.0,0.0,0.0,0.0
subject574,0.0,1.0,0.0,0.0,1.0,1.0,0.0,0.0,1.0,0.0
subject575,1.0,1.0,1.0,1.0,1.0,1.0,1.0,1.0,1.0,1.0
subject576,0.0,1.0,0.0,0.0,0.0,1.0,1.0,0.0,0.0,0.0
subject577,0.0,0.0,0.0,0.0,0.0,0.0,0.0,0.0,0.0,0.0
subject578,0.0,0.0,0.0,1.0,0.0,0.0,0.0,0.0,0.0,0.0
subject579,0.0,0.0,0.0,0.0,1.0,0.0,0.0,0.0,1.0,1.0
subject580,0.0,1.0,0.0,0.0,1.0,0.0,1.0,0.0,1.0,1.0
subject581,1.0,1.0,1.0,1.0,1.0,1.0,1.0,0.0,0.0,1.0
subject582,0.0,1.0,1.0,0.0,1.0,0.0,1.0,0.0,0.0,1.0
subject583,1.0,1.0,1.0,1.0,1.0,1.0,1.0,1.0,1.0,1.0
subject584,1.0,1.0,1.0,1.0,0.0,1.0,0.0,1.0,0.0,1.0
subject585,1.0,1.0,1.0,1.0,1.0,0.0,1.0,0.0,1.0,1.0
subject586,1.0,0.0,0.0,0.0,0.0,0.0,0.0,0.0,0.0,1.0
subject587,0.0,1.0,0.0,0.0,1.0,0.0,0.0,0.0,1.0,1.0
subject588,0.0,1.0,0.0,0.0,0.0,0.0,0.0,1.0,0.0,1.0
subject589,1.0,1.0,0.0,1.0,0.0,0.0,1.0,1.0,1.0,1.0
subject590,0.0,0.0,0.0,0.0,0.0,1.0,0.0,1.0,0.0,0.0
subject591,1.0,1.0,1.0,1.0,1.0,1.0,1.0,1.0,1.0,1.0
subject592,0.0,0.0,1.0,1.0,0.0,0.0,0.0,0.0,0.0,0.0
subject593,1.0,1.0,1.0,1.0,1.0,1.0,1.0,1.0,1.0,1.0
subject594,1.0,1.0,1.0,1.0,1.0,1.0,1.0,1.0,1.0,1.0
subject595,1.0,1.0,0.0,0.0,1.0,1.0,0.0,0.0,1.0,1.0
subject596,0.0,0.0,0.0,1.0,1.0,1.0,0.0,0.0,0.0,0.0
subject597,1.0,1.0,1.0,1.0,1.0,1.0,1.0,1.0,1.0,0.0
subject598,1.0,1.0,0.0,1.0,0.0,0.0,0.0,0.0,0.0,0.0
subject599,0.0,0.0,0.0,0.0,0.0,0.0,0.0,0.0,0.0,0.0
subject600,0.0,0.0,0.0,0.0,0.0,0.0,0.0,0.0,0.0,0.0
subject601,1.0,1.0,1.0,0.0,1.0,1.0,1.0,0.0,0.0,1.0
subject602,0.0,1.0,0.0,0.0,0.0,0.0,0.0,0.0,1.0,0.0
subject603,0.0,1.0,1.0,1.0,1.0,0.0,0.0,0.0,0.0,0.0
subject604,1.0,0.0,1.0,1.0,1.0,0.0,1.0,0.0,1.0,1.0
subject605,0.0,1.0,0.0,0.0,0.0,0.0,0.0,0.0,0.0,0.0
subject606,0.0,1.0,0.0,0.0,0.0,1.0,1.0,0.0,0.0,0.0
subject607,0.0,1.0,0.0,1.0,1.0,0.0,0.0,1.0,1.0,0.0
subject608,1.0,0.0,0.0,0.0,0.0,0.0,0.0,0.0,0.0,0.0
subject609,0.0,1.0,0.0,1.0,0.0,0.0,0.0,0.0,0.0,0.0
subject610,0.0,1.0,1.0,0.0,1.0,1.0,0.0,0.0,0.0,0.0
subject611,0.0,0.0,0.0,0.0,0.0,0.0,0.0,1.0,0.0,1.0
subject612,0.0,0.0,1.0,0.0,0.0,1.0,1.0,1.0,0.0,0.0
subject613,0.0,1.0,0.0,1.0,1.0,0.0,0.0,0.0,0.0,0.0
subject614,0.0,1.0,1.0,0.0,0.0,0.0,0.0,0.0,1.0,0.0
subject615,0.0,0.0,1.0,0.0,1.0,0.0,0.0,0.0,0.0,0.0
subject616,1.0,1.0,1.0,1.0,1.0,1.0,1.0,1.0,1.0,0.0
subject617,1.0,0.0,0.0,1.0,1.0,1.0,1.0,1.0,1.0,1.0
subject618,1.0,1.0,0.0,1.0,1.0,1.0,1.0,1.0,0.0,1.0
subject619,0.0,0.0,0.0,0.0,0.0,0.0,0.0,0.0,0.0,0.0
subject620,1.0,1.0,1.0,1.0,1.0,1.0,1.0,1.0,1.0,1.0
subject621,0.0,0.0,1.0,0.0,0.0,1.0,1.0,1.0,0.0,1.0
subject622,1.0,1.0,1.0,1.0,1.0,0.0,1.0,1.0,1.0,1.0
subject623,1.0,0.0,1.0,0.0,0.0,1.0,0.0,1.0,0.0,1.0
subject624,1.0,1.0,1.0,1.0,1.0,1.0,1.0,1.0,1.0,1.0
subject625,1.0,0.0,0.0,0.0,0.0,0.0,0.0,0.0,0.0,1.0
subject626,1.0,1.0,1.0,1.0,1.0,1.0,1.0,1.0,1.0,1.0
subject627,0.0,1.0,1.0,1.0,1.0,0.0,1.0,1.0,1.0,1.0
subject628,0.0,0.0,0.0,0.0,0.0,1.0,1.0,1.0,0.0,0.0
subject629,0.0,0.0,0.0,0.0,0.0,0.0,0.0,0.0,0.0,0.0
subject630,0.0,0.0,0.0,0.0,0.0,0.0,0.0,0.0,0.0,0.0
subject631,0.0,0.0,1.0,0.0,0.0,1.0,1.0,1.0,1.0,0.0
subject632,1.0,0.0,0.0,0.0,1.0,0.0,0.0,1.0,0.0,0.0
subject633,1.0,0.0,0.0,1.0,1.0,1.0,0.0,0.0,0.0,0.0
subject634,0.0,1.0,0.0,1.0,1.0,1.0,1.0,1.0,0.0,0.0
subject635,1.0,0.0,0.0,0.0,0.0,1.0,0.0,0.0,0.0,0.0
subject636,1.0,0.0,0.0,0.0,0.0,0.0,0.0,1.0,0.0,1.0
subject637,1.0,1.0,0.0,1.0,0.0,0.0,1.0,1.0,1.0,1.0
subject638,1.0,0.0,0.0,1.0,0.0,0.0,0.0,1.0,1.0,0.0
subject639,0.0,0.0,0.0,0.0,0.0,0.0,1.0,0.0,1.0,0.0
subject640,1.0,1.0,1.0,1.0,1.0,1.0,1.0,1.0,1.0,1.0
subject641,0.0,0.0,0.0,0.0,0.0,0.0,0.0,1.0,0.0,0.0
subject642,0.0,0.0,1.0,0.0,0.0,0.0,0.0,0.0,1.0,0.0
subject643,0.0,1.0,0.0,0.0,1.0,1.0,1.0,0.0,1.0,0.0
subject644,0.0,1.0,0.0,0.0,1.0,0.0,0.0,0.0,1.0,1.0
subject645,0.0,0.0,0.0,1.0,0.0,0.0,1.0,0.0,0.0,1.0
subject646,1.0,1.0,1.0,0.0,0.0,1.0,1.0,1.0,1.0,1.0
subject647,1.0,1.0,0.0,1.0,1.0,1.0,1.0,1.0,1.0,1.0
subject648,0.0,0.0,1.0,1.0,0.0,1.0,1.0,1.0,1.0,0.0
subject649,1.0,1.0,1.0,1.0,1.0,1.0,1.0,1.0,1.0,1.0
subject650,1.0,1.0,0.0,1.0,0.0,0.0,0.0,1.0,0.0,1.0
subject651,0.0,1.0,1.0,1.0,1.0,1.0,1.0,1.0,1.0,1.0
subject652,0.0,0.0,1.0,1.0,0.0,0.0,1.0,1.0,0.0,0.0
subject653,1.0,0.0,1.0,0.0,1.0,1.0,1.0,1.0,0.0,1.0
subject654,1.0,1.0,0.0,1.0,1.0,1.0,1.0,1.0,1.0,1.0
subject655,0.0,0.0,0.0,1.0,1.0,1.0,1.0,1.0,1.0,1.0
subject656,1.0,1.0,1.0,1.0,1.0,1.0,1.0,1.0,1.0,1.0
subject657,1.0,0.0,0.0,0.0,0.0,0.0,0.0,0.0,0.0,1.0
subject658,0.0,1.0,0.0,1.0,0.0,0.0,0.0,0.0,0.0,1.0
subject659,1.0,0.0,0.0,0.0,0.0,0.0,0.0,0.0,0.0,0.0
subject660,1.0,1.0,0.0,0.0,1.0,0.0,1.0,1.0,1.0,1.0
subject661,1.0,0.0,1.0,1.0,0.0,0.0,1.0,0.0,0.0,0.0
subject662,0.0,1.0,1.0,0.0,0.0,1.0,0.0,0.0,0.0,1.0
subject663,0.0,1.0,1.0,0.0,0.0,0.0,1.0,1.0,0.0,1.0
subject664,0.0,1.0,0.0,1.0,1.0,0.0,1.0,0.0,1.0,1.0
subject665,0.0,0.0,0.0,0.0,0.0,0.0,0.0,0.0,0.0,0.0
subject666,0.0,1.0,0.0,1.0,0.0,0.0,0.0,0.0,1.0,0.0
subject667,0.0,0.0,0.0,0.0,0.0,0.0,1.0,0.0,0.0,1.0
subject668,1.0,1.0,1.0,0.0,1.0,1.0,0.0,0.0,1.0,1.0
subject669,0.0,1.0,1.0,1.0,0.0,0.0,1.0,0.0,1.0,0.0
subject670,1.0,1.0,1.0,1.0,1.0,1.0,1.0,1.0,1.0,1.0
subject671,0.0,1.0,1.0,1.0,1.0,1.0,1.0,1.0,1.0,1.0
subject672,0.0,0.0,0.0,0.0,0.0,0.0,0.0,1.0,0.0,1.0
subject673,0.0,1.0,1.0,1.0,1.0,1.0,1.0,1.0,0.0,1.0
subject674,1.0,1.0,1.0,1.0,1.0,1.0,1.0,1.0,1.0,1.0
subject675,1.0,1.0,0.0,1.0,1.0,1.0,1.0,1.0,1.0,1.0
subject676,0.0,0.0,1.0,1.0,0.0,0.0,0.0,1.0,1.0,0.0
subject677,0.0,1.0,1.0,1.0,1.0,1.0,0.0,1.0,0.0,1.0
subject678,0.0,0.0,0.0,0.0,1.0,0.0,0.0,0.0,1.0,0.0
subject679,1.0,1.0,1.0,1.0,0.0,0.0,1.0,1.0,1.0,1.0
subject680,0.0,0.0,0.0,0.0,0.0,0.0,0.0,0.0,0.0,0.0
subject681,0.0,0.0,0.0,0.0,0.0,0.0,1.0,0.0,0.0,0.0
subject682,0.0,0.0,0.0,1.0,1.0,1.0,1.0,1.0,1.0,1.0
subject683,1.0,0.0,1.0,1.0,0.0,0.0,0.0,0.0,0.0,1.0
subject684,1.0,0.0,1.0,0.0,1.0,1.0,1.0,1.0,1.0,1.0
subject685,1.0,1.0,1.0,1.0,1.0,1.0,1.0,1.0,1.0,1.0
subject686,1.0,1.0,1.0,1.0,1.0,1.0,1.0,1.0,1.0,1.0
subject687,1.0,0.0,0.0,0.0,1.0,1.0,1.0,0.0,1.0,0.0
subject688,0.0,0.0,0.0,0.0,0.0,0.0,0.0,0.0,1.0,0.0
subject689,1.0,1.0,0.0,1.0,0.0,1.0,1.0,0.0,1.0,0.0
subject690,1.0,1.0,1.0,1.0,1.0,1.0,1.0,1.0,1.0,1.0
subject691,0.0,0.0,0.0,0.0,0.0,0.0,1.0,0.0,0.0,0.0
subject692,0.0,0.0,0.0,1.0,0.0,0.0,0.0,1.0,0.0,1.0
subject693,1.0,0.0,1.0,1.0,0.0,0.0,0.0,1.0,0.0,0.0
subject694,1.0,1.0,0.0,1.0,1.0,0.0,0.0,1.0,0.0,1.0
subject695,0.0,0.0,0.0,0.0,0.0,0.0,0.0,0.0,0.0,0.0
subject696,0.0,0.0,1.0,0.0,0.0,0.0,0.0,1.0,0.0,0.0
subject697,1.0,0.0,0.0,0.0,0.0,0.0,1.0,1.0,1.0,0.0
subject698,0.0,1.0,1.0,0.0,0.0,0.0,0.0,0.0,0.0,0.0
subject699,1.0,1.0,0.0,0.0,0.0,0.0,0.0,0.0,1.0,0.0
subject700,1.0,1.0,1.0,1.0,0.0,1.0,0.0,0.0,1.0,0.0
subject701,0.0,0.0,0.0,0.0,0.0,0.0,0.0,0.0,0.0,0.0
subject702,0.0,0.0,0.0,0.0,0.0,0.0,0.0,0.0,0.0,0.0
subject703,1.0,1.0,1.0,1.0,0.0,1.0,1.0,1.0,1.0,1.0
subject704,0.0,0.0,0.0,0.0,0.0,1.0,1.0,0.0,0.0,0.0
subject705,1.0,0.0,1.0,1.0,1.0,1.0,0.0,0.0,0.0,0.0
subject706,0.0,0.0,0.0,0.0,0.0,0.0,0.0,0.0,0.0,0.0
subject707,0.0,0.0,0.0,0.0,0.0,0.0,0.0,1.0,0.0,0.0
subject708,0.0,0.0,0.0,0.0,1.0,0.0,0.0,1.0,0.0,0.0
subject709,0.0,0.0,0.0,0.0,0.0,0.0,0.0,1.0,0.0,0.0
subject710,1.0,1.0,1.0,1.0,1.0,1.0,0.0,1.0,0.0,1.0
subject711,1.0,0.0,0.0,0.0,0.0,0.0,0.0,0.0,0.0,0.0
subject712,0.0,0.0,0.0,1.0,0.0,0.0,1.0,1.0,1.0,0.0
subject713,0.0,0.0,0.0,0.0,0.0,1.0,0.0,0.0,1.0,1.0
subject714,0.0,0.0,1.0,0.0,0.0,1.0,0.0,1.0,0.0,1.0
subject715,0.0,1.0,0.0,1.0,0.0,1.0,0.0,0.0,0.0,1.0
subject716,1.0,1.0,1.0,1.0,1.0,1.0,1.0,1.0,1.0,1.0
subject717,1.0,0.0,1.0,1.0,1.0,0.0,1.0,1.0,1.0,1.0
subject718,1.0,1.0,1.0,1.0,1.0,1.0,1.0,1.0,1.0,1.0
subject719,1.0,1.0,1.0,0.0,1.0,1.0,0.0,1.0,1.0,0.0
subject720,1.0,1.0,1.0,1.0,1.0,1.0,1.0,1.0,0.0,1.0
subject721,1.0,0.0,1.0,1.0,1.0,1.0,1.0,1.0,1.0,1.0
subject722,1.0,1.0,1.0,1.0,0.0,1.0,1.0,1.0,0.0,1.0
subject723,1.0,1.0,1.0,1.0,1.0,1.0,1.0,1.0,1.0,1.0
subject724,0.0,1.0,0.0,1.0,0.0,1.0,0.0,1.0,0.0,0.0
subject725,0.0,0.0,0.0,0.0,0.0,1.0,0.0,0.0,0.0,0.0
subject726,0.0,1.0,0.0,1.0,1.0,0.0,0.0,0.0,0.0,0.0
subject727,1.0,1.0,1.0,1.0,1.0,1.0,1.0,1.0,1.0,0.0
subject728,1.0,0.0,0.0,1.0,1.0,1.0,1.0,0.0,1.0,0.0
subject729,0.0,0.0,0.0,0.0,0.0,1.0,0.0,1.0,0.0,0.0
subject730,0.0,0.0,0.0,1.0,0.0,1.0,1.0,1.0,1.0,1.0
subject731,0.0,0.0,0.0,0.0,0.0,1.0,0.0,0.0,1.0,0.0
subject732,1.0,1.0,1.0,1.0,0.0,1.0,0.0,1.0,1.0,1.0
subject733,1.0,1.0,0.0,0.0,1.0,1.0,1.0,0.0,0.0,1.0
subject734,0.0,0.0,1.0,0.0,1.0,1.0,0.0,0.0,0.0,1.0
subject735,1.0,1.0,0.0,1.0,1.0,0.0,1.0,1.0,1.0,0.0
subject736,1.0,0.0,0.0,0.0,0.0,0.0,0.0,1.0,0.0,0.0
subject737,0.0,0.0,0.0,0.0,0.0,0.0,0.0,0.0,0.0,0.0
subject738,1.0,1.0,1.0,1.0,1.0,1.0,1.0,1.0,1.0,1.0
subject739,1.0,0.0,1.0,0.0,1.0,0.0,0.0,0.0,1.0,0.0
subject740,0.0,0.0,0.0,0.0,1.0,1.0,0.0,1.0,1.0,0.0
subject741,0.0,0.0,0.0,1.0,0.0,0.0,0.0,1.0,0.0,0.0
subject742,0.0,1.0,0.0,0.0,0.0,0.0,1.0,0.0,0.0,0.0
subject743,0.0,0.0,0.0,0.0,0.0,0.0,0.0,0.0,0.0,0.0
subject744,1.0,0.0,0.0,1.0,0.0,0.0,0.0,1.0,0.0,1.0
subject745,0.0,1.0,0.0,0.0,1.0,0.0,1.0,1.0,1.0,1.0
subject746,0.0,1.0,0.0,1.0,1.0,0.0,1.0,1.0,0.0,0.0
subject747,1.0,1.0,1.0,1.0,1.0,1.0,1.0,0.0,1.0,1.0
subject748,0.0,1.0,0.0,0.0,0.0,1.0,0.0,1.0,0.0,0.0
subject749,1.0,0.0,1.0,1.0,0.0,0.0,1.0,1.0,1.0,1.0
subject750,1.0,1.0,0.0,0.0,1.0,0.0,1.0,1.0,1.0,0.0
subject751,0.0,1.0,1.0,1.0,1.0,0.0,0.0,1.0,1.0,1.0
subject752,0.0,0.0,1.0,1.0,1.0,1.0,0.0,0.0,0.0,0.0
subject753,1.0,1.0,1.0,1.0,0.0,1.0,0.0,1.0,1.0,1.0
subject754,0.0,0.0,0.0,1.0,0.0,1.0,1.0,0.0,0.0,0.0
subject755,0.0,0.0,0.0,0.0,1.0,1.0,0.0,0.0,0.0,0.0
subject756,0.0,1.0,1.0,0.0,1.0,0.0,0.0,0.0,1.0,0.0
subject757,1.0,1.0,1.0,1.0,1.0,1.0,1.0,1.0,1.0,1.0
subject758,0.0,0.0,0.0,0.0,0.0,0.0,0.0,0.0,1.0,1.0
subject759,0.0,0.0,0.0,0.0,0.0,0.0,0.0,0.0,0.0,0.0
subject760,1.0,1.0,0.0,1.0,1.0,1.0,1.0,0.0,0.0,0.0
subject761,0.0,0.0,1.0,0.0,0.0,0.0,0.0,0.0,0.0,0.0
subject762,1.0,0.0,0.0,0.0,0.0,0.0,0.0,1.0,0.0,1.0
subject763,0.0,0.0,1.0,0.0,0.0,1.0,0.0,0.0,0.0,0.0
subject764,0.0,1.0,0.0,0.0,0.0,1.0,0.0,0.0,1.0,0.0
subject765,1.0,0.0,0.0,1.0,0.0,0.0,1.0,0.0,0.0,0.0
subject766,0.0,1.0,0.0,0.0,0.0,0.0,0.0,0.0,1.0,0.0
subject767,0.0,1.0,1.0,0.0,0.0,1.0,1.0,0.0,0.0,0.0
subject768,1.0,0.0,0.0,1.0,1.0,1.0,0.0,1.0,0.0,1.0
subject769,1.0,1.0,1.0,1.0,1.0,1.0,1.0,0.0,0.0,1.0
subject770,1.0,0.0,1.0,1.0,1.0,0.0,0.0,1.0,1.0,0.0
subject771,0.0,0.0,0.0,0.0,0.0,0.0,0.0,0.0,0.0,1.0
subject772,1.0,0.0,1.0,0.0,0.0,1.0,0.0,0.0,0.0,0.0
subject773,0.0,0.0,0.0,0.0,0.0,0.0,0.0,0.0,0.0,0.0
subject774,1.0,1.0,1.0,1.0,1.0,1.0,1.0,1.0,1.0,1.0
subject775,0.0,1.0,0.0,1.0,1.0,1.0,0.0,0.0,1.0,1.0
subject776,1.0,1.0,1.0,1.0,0.0,1.0,1.0,1.0,1.0,0.0
subject777,1.0,1.0,1.0,1.0,1.0,1.0,1.0,1.0,1.0,1.0
subject778,0.0,0.0,0.0,1.0,1.0,0.0,0.0,0.0,0.0,0.0
subject779,1.0,1.0,1.0,1.0,1.0,0.0,1.0,1.0,1.0,1.0
subject780,1.0,1.0,1.0,0.0,1.0,0.0,0.0,0.0,1.0,1.0
subject781,0.0,0.0,0.0,0.0,0.0,1.0,1.0,1.0,1.0,0.0
subject782,0.0,0.0,0.0,1.0,1.0,0.0,0.0,0.0,0.0,0.0
subject783,1.0,1.0,1.0,0.0,1.0,1.0,1.0,1.0,0.0,1.0
subject784,0.0,1.0,1.0,1.0,1.0,1.0,1.0,1.0,1.0,1.0
subject785,0.0,0.0,0.0,0.0,0.0,1.0,0.0,0.0,0.0,0.0
subject786,0.0,1.0,0.0,1.0,1.0,1.0,1.0,1.0,1.0,1.0
subject787,1.0,0.0,1.0,1.0,1.0,1.0,0.0,0.0,1.0,1.0
subject788,0.0,0.0,0.0,0.0,1.0,1.0,1.0,0.0,1.0,0.0
subject789,0.0,1.0,0.0,1.0,1.0,0.0,0.0,1.0,1.0,1.0
subject790,0.0,0.0,1.0,0.0,0.0,0.0,0.0,0.0,0.0,1.0
subject791,0.0,0.0,0.0,1.0,1.0,0.0,0.0,0.0,0.0,0.0
subject792,0.0,1.0,0.0,1.0,0.0,1.0,0.0,0.0,0.0,0.0
subject793,1.0,1.0,1.0,0.0,1.0,0.0,1.0,1.0,1.0,1.0
subject794,0.0,0.0,0.0,0.0,0.0,0.0,0.0,0.0,0.0,0.0
subject795,1.0,1.0,1.0,0.0,0.0,1.0,1.0,0.0,0.0,1.0
subject796,0.0,0.0,0.0,0.0,0.0,0.0,0.0,0.0,0.0,0.0
subject797,0.0,0.0,0.0,0.0,0.0,0.0,0.0,0.0,0.0,0.0
subject798,1.0,1.0,1.0,1.0,1.0,1.0,1.0,1.0,1.0,1.0
subject799,1.0,0.0,0.0,1.0,0.0,1.0,1.0,1.0,1.0,0.0
subject800,0.0,1.0,1.0,1.0,0.0,0.0,1.0,1.0,1.0,0.0
subject801,1.0,0.0,1.0,0.0,1.0,0.0,0.0,0.0,0.0,1.0
subject802,1.0,1.0,1.0,1.0,1.0,1.0,1.0,1.0,1.0,1.0
subject803,0.0,1.0,1.0,1.0,1.0,1.0,0.0,0.0,1.0,1.0
subject804,0.0,1.0,1.0,0.0,1.0,0.0,1.0,0.0,1.0,1.0
subject805,1.0,1.0,1.0,0.0,1.0,1.0,0.0,1.0,1.0,1.0
subject806,1.0,1.0,0.0,1.0,0.0,1.0,1.0,1.0,1.0,1.0
subject807,1.0,1.0,1.0,1.0,1.0,1.0,1.0,1.0,1.0,1.0
subject808,1.0,1.0,1.0,0.0,1.0,1.0,1.0,1.0,0.0,1.0
subject809,0.0,0.0,0.0,0.0,0.0,0.0,0.0,0.0,0.0,0.0
subject810,0.0,0.0,0.0,0.0,0.0,1.0,0.0,0.0,0.0,0.0
subject811,0.0,1.0,1.0,1.0,0.0,1.0,0.0,1.0,0.0,1.0
subject812,0.0,0.0,0.0,1.0,1.0,1.0,0.0,0.0,1.0,0.0
subject813,0.0,0.0,0.0,0.0,0.0,0.0,0.0,0.0,0.0,0.0
subject814,0.0,1.0,0.0,1.0,0.0,1.0,0.0,1.0,0.0,1.0
subject815,1.0,1.0,1.0,1.0,1.0,1.0,1.0,1.0,0.0,1.0
subject816,1.0,0.0,0.0,0.0,0.0,0.0,1.0,1.0,0.0,0.0
subject817,0.0,0.0,0.0,0.0,0.0,0.0,1.0,0.0,0.0,0.0
subject818,1.0,0.0,0.0,1.0,1.0,1.0,0.0,1.0,1.0,1.0
subject819,0.0,0.0,0.0,0.0,0.0,0.0,0.0,0.0,0.0,0.0
subject820,0.0,0.0,1.0,0.0,0.0,0.0,0.0,1.0,1.0,0.0
subject821,0.0,0.0,0.0,0.0,0.0,0.0,0.0,0.0,0.0,0.0
subject822,0.0,1.0,1.0,0.0,1.0,0.0,1.0,1.0,1.0,0.0
subject823,0.0,1.0,0.0,0.0,0.0,1.0,0.0,1.0,1.0,0.0
subject824,1.0,1.0,0.0,1.0,1.0,1.0,0.0,1.0,1.0,1.0
subject825,1.0,1.0,1.0,1.0,1.0,1.0,0.0,1.0,1.0,1.0
subject826,0.0,0.0,0.0,0.0,0.0,0.0,0.0,1.0,1.0,1.0
subject827,0.0,1.0,1.0,0.0,0.0,1.0,1.0,0.0,0.0,0.0
subject828,1.0,1.0,0.0,0.0,1.0,0.0,1.0,1.0,1.0,1.0
subject829,0.0,0.0,1.0,0.0,1.0,0.0,0.0,1.0,1.0,1.0
subject830,0.0,1.0,1.0,1.0,0.0,0.0,1.0,0.0,1.0,1.0
subject831,0.0,0.0,0.0,0.0,0.0,0.0,0.0,0.0,0.0,1.0
subject832,0.0,1.0,1.0,1.0,1.0,1.0,1.0,0.0,1.0,1.0
subject833,1.0,1.0,1.0,0.0,1.0,1.0,1.0,1.0,1.0,1.0
subject834,0.0,1.0,0.0,1.0,0.0,0.0,1.0,0.0,1.0,1.0
subject835,1.0,1.0,1.0,0.0,0.0,0.0,1.0,0.0,1.0,0.0
subject836,0.0,1.0,1.0,1.0,1.0,1.0,1.0,1.0,0.0,1.0
subject837,1.0,1.0,1.0,1.0,1.0,1.0,1.0,1.0,1.0,1.0
subject838,0.0,0.0,0.0,0.0,0.0,0.0,0.0,0.0,0.0,0.0
subject839,1.0,0.0,1.0,1.0,1.0,1.0,1.0,1.0,1.0,1.0
subject840,0.0,0.0,1.0,1.0,0.0,0.0,0.0,0.0,1.0,0.0
subject841,1.0,1.0,0.0,1.0,0.0,1.0,1.0,0.0,0.0,0.0
subject842,1.0,0.0,0.0,0.0,0.0,1.0,1.0,0.0,1.0,0.0
subject843,0.0,0.0,1.0,1.0,0.0,0.0,0.0,0.0,1.0,0.0
subject844,1.0,1.0,1.0,1.0,1.0,1.0,1.0,1.0,1.0,1.0
subject845,1.0,1.0,1.0,0.0,1.0,1.0,1.0,0.0,1.0,1.0
subject846,0.0,1.0,1.0,0.0,1.0,0.0,1.0,0.0,1.0,1.0
subject847,1.0,1.0,1.0,1.0,1.0,1.0,1.0,0.0,0.0,1.0
subject848,1.0,0.0,0.0,0.0,0.0,1.0,1.0,0.0,1.0,1.0
subject849,0.0,0.0,0.0,0.0,0.0,1.0,0.0,0.0,0.0,1.0
subject850,1.0,1.0,1.0,1.0,1.0,1.0,1.0,1.0,1.0,1.0
subject851,1.0,1.0,0.0,1.0,1.0,1.0,1.0,0.0,1.0,1.0
subject852,0.0,0.0,0.0,0.0,0.0,0.0,0.0,0.0,0.0,0.0
subject853,1.0,0.0,1.0,0.0,0.0,1.0,1.0,1.0,1.0,1.0
subject854,1.0,1.0,0.0,0.0,1.0,0.0,0.0,0.0,0.0,0.0
subject855,0.0,0.0,0.0,0.0,0.0,0.0,0.0,1.0,0.0,0.0
subject856,1.0,1.0,1.0,1.0,1.0,1.0,1.0,1.0,1.0,1.0
subject857,0.0,0.0,0.0,0.0,0.0,0.0,0.0,0.0,1.0,0.0
subject858,1.0,0.0,1.0,0.0,0.0,0.0,1.0,1.0,1.0,0.0
subject859,0.0,0.0,1.0,1.0,0.0,0.0,0.0,0.0,1.0,1.0
subject860,0.0,0.0,0.0,0.0,0.0,0.0,0.0,1.0,1.0,0.0
subject861,0.0,1.0,1.0,0.0,0.0,1.0,1.0,1.0,1.0,0.0
subject862,1.0,1.0,0.0,1.0,1.0,1.0,1.0,1.0,1.0,0.0
subject863,1.0,0.0,1.0,0.0,1.0,1.0,0.0,0.0,0.0,0.0
subject864,1.0,1.0,1.0,0.0,1.0,0.0,0.0,0.0,0.0,1.0
subject865,0.0,1.0,0.0,0.0,1.0,0.0,0.0,0.0,1.0,1.0
subject866,0.0,0.0,0.0,0.0,1.0,1.0,1.0,0.0,0.0,0.0
subject867,1.0,1.0,1.0,0.0,1.0,1.0,1.0,1.0,1.0,1.0
subject868,0.0,0.0,0.0,0.0,0.0,0.0,0.0,0.0,0.0,0.0
subject869,1.0,0.0,1.0,1.0,1.0,1.0,0.0,1.0,1.0,1.0
subject870,0.0,0.0,1.0,0.0,0.0,0.0,1.0,1.0,0.0,0.0
subject871,1.0,1.0,1.0,1.0,1.0,1.0,1.0,1.0,0.0,0.0
subject872,1.0,1.0,1.0,1.0,1.0,1.0,1.0,1.0,1.0,1.0
subject873,0.0,0.0,0.0,0.0,0.0,0.0,0.0,0.0,0.0,0.0
subject874,0.0,0.0,0.0,1.0,1.0,0.0,0.0,0.0,1.0,0.0
subject875,0.0,0.0,0.0,0.0,0.0,0.0,1.0,0.0,0.0,1.0
subject876,0.0,0.0,0.0,0.0,0.0,0.0,0.0,0.0,0.0,0.0
subject877,0.0,0.0,1.0,1.0,1.0,0.0,0.0,1.0,0.0,0.0
subject878,1.0,1.0,1.0,1.0,0.0,1.0,1.0,1.0,1.0,0.0
subject879,0.0,0.0,0.0,0.0,0.0,0.0,0.0,0.0,0.0,0.0
subject880,0.0,0.0,0.0,0.0,0.0,0.0,0.0,0.0,0.0,0.0
subject881,1.0,0.0,1.0,1.0,1.0,1.0,1.0,1.0,0.0,1.0
subject882,1.0,1.0,1.0,0.0,1.0,1.0,1.0,1.0,1.0,1.0
subject883,1.0,1.0,0.0,1.0,1.0,1.0,1.0,1.0,1.0,1.0
subject884,1.0,0.0,0.0,0.0,0.0,0.0,1.0,0.0,1.0,0.0
subject885,1.0,1.0,1.0,1.0,0.0,1.0,1.0,0.0,1.0,0.0
subject886,0.0,0.0,1.0,0.0,1.0,1.0,0.0,0.0,1.0,1.0
subject887,0.0,0.0,0.0,0.0,0.0,0.0,0.0,0.0,0.0,0.0
subject888,1.0,1.0,1.0,1.0,1.0,0.0,1.0,1.0,1.0,1.0
subject889,0.0,0.0,0.0,0.0,0.0,1.0,0.0,0.0,0.0,0.0
subject890,0.0,1.0,1.0,1.0,1.0,0.0,1.0,1.0,0.0,0.0
subject891,0.0,0.0,0.0,1.0,0.0,0.0,1.0,1.0,1.0,1.0
subject892,0.0,0.0,1.0,1.0,0.0,0.0,1.0,1.0,0.0,0.0
subject893,0.0,0.0,0.0,0.0,0.0,0.0,0.0,1.0,0.0,0.0
subject894,0.0,0.0,1.0,0.0,0.0,1.0,0.0,1.0,1.0,1.0
subject895,0.0,1.0,0.0,0.0,1.0,1.0,1.0,1.0,0.0,0.0
subject896,1.0,1.0,1.0,1.0,1.0,1.0,1.0,1.0,1.0,1.0
subject897,0.0,1.0,0.0,1.0,1.0,1.0,0.0,1.0,0.0,0.0
subject898,1.0,1.0,0.0,1.0,0.0,0.0,0.0,0.0,1.0,0.0
subject899,1.0,1.0,1.0,1.0,0.0,0.0,1.0,1.0,0.0,0.0
subject900,1.0,0.0,1.0,1.0,1.0,1.0,0.0,1.0,0.0,0.0
subject901,1.0,1.0,1.0,1.0,1.0,0.0,1.0,1.0,1.0,1.0
subject902,0.0,0.0,0.0,1.0,0.0,0.0,0.0,0.0,1.0,0.0
subject903,0.0,0.0,0.0,0.0,0.0,1.0,1.0,1.0,0.0,1.0
subject904,1.0,1.0,0.0,0.0,0.0,0.0,0.0,0.0,1.0,0.0
subject905,1.0,1.0,1.0,1.0,1.0,1.0,1.0,1.0,1.0,1.0
subject906,1.0,1.0,1.0,0.0,1.0,1.0,1.0,0.0,1.0,1.0
subject907,0.0,0.0,0.0,0.0,0.0,0.0,0.0,0.0,0.0,0.0
subject908,0.0,1.0,0.0,0.0,1.0,0.0,0.0,0.0,0.0,0.0
subject909,1.0,0.0,1.0,0.0,0.0,1.0,1.0,1.0,1.0,0.0
subject910,0.0,1.0,1.0,1.0,1.0,0.0,1.0,0.0,0.0,0.0
subject911,1.0,1.0,1.0,1.0,1.0,1.0,1.0,1.0,0.0,1.0
subject912,1.0,0.0,0.0,1.0,1.0,0.0,0.0,1.0,1.0,1.0
subject913,1.0,1.0,1.0,0.0,1.0,1.0,1.0,0.0,1.0,1.0
subject914,1.0,1.0,1.0,0.0,1.0,1.0,1.0,0.0,0.0,1.0
subject915,1.0,0.0,0.0,0.0,1.0,1.0,0.0,1.0,0.0,0.0
subject916,0.0,0.0,0.0,0.0,0.0,0.0,0.0,1.0,0.0,0.0
subject917,1.0,1.0,1.0,1.0,1.0,1.0,1.0,1.0,1.0,1.0
subject918,1.0,0.0,0.0,1.0,0.0,0.0,1.0,1.0,1.0,0.0
subject919,1.0,1.0,1.0,0.0,0.0,0.0,0.0,1.0,0.0,1.0
subject920,1.0,0.0,0.0,1.0,0.0,1.0,1.0,1.0,0.0,1.0
subject921,0.0,1.0,0.0,0.0,0.0,1.0,0.0,0.0,1.0,0.0
subject922,1.0,1.0,1.0,1.0,1.0,1.0,0.0,1.0,1.0,1.0
subject923,0.0,0.0,0.0,0.0,0.0,0.0,0.0,0.0,0.0,0.0
subject924,0.0,0.0,1.0,1.0,1.0,1.0,0.0,0.0,0.0,0.0
subject925,0.0,1.0,0.0,0.0,1.0,1.0,1.0,0.0,1.0,0.0
subject926,0.0,1.0,0.0,0.0,0.0,0.0,0.0,0.0,0.0,0.0
subject927,1.0,1.0,1.0,1.0,1.0,0.0,1.0,1.0,1.0,1.0
subject928,0.0,0.0,0.0,0.0,0.0,0.0,0.0,0.0,1.0,0.0
subject929,1.0,1.0,1.0,1.0,1.0,0.0,0.0,1.0,1.0,1.0
subject930,0.0,0.0,0.0,0.0,0.0,0.0,0.0,0.0,1.0,0.0
subject931,1.0,1.0,1.0,1.0,1.0,1.0,1.0,1.0,0.0,0.0
subject932,0.0,1.0,0.0,0.0,1.0,0.0,0.0,0.0,0.0,0.0
subject933,0.0,1.0,1.0,0.0,0.0,1.0,0.0,1.0,1.0,1.0
subject934,0.0,1.0,1.0,1.0,1.0,1.0,1.0,0.0,0.0,0.0
subject935,1.0,1.0,1.0,1.0,1.0,1.0,1.0,1.0,1.0,1.0
subject936,1.0,1.0,0.0,0.0,0.0,0.0,0.0,1.0,0.0,0.0
subject937,0.0,1.0,0.0,1.0,1.0,1.0,1.0,1.0,0.0,1.0
subject938,1.0,1.0,1.0,1.0,1.0,1.0,1.0,1.0,1.0,1.0
subject939,1.0,1.0,0.0,1.0,1.0,1.0,1.0,1.0,1.0,0.0
subject940,1.0,0.0,0.0,0.0,0.0,0.0,0.0,0.0,1.0,1.0
subject941,1.0,1.0,1.0,1.0,1.0,1.0,1.0,1.0,1.0,1.0
subject942,1.0,1.0,1.0,1.0,1.0,1.0,1.0,1.0,1.0,1.0
subject943,0.0,0.0,0.0,0.0,0.0,1.0,0.0,1.0,1.0,0.0
subject944,0.0,0.0,0.0,0.0,0.0,0.0,1.0,0.0,1.0,0.0
subject945,0.0,0.0,0.0,0.0,1.0,0.0,0.0,0.0,1.0,0.0
subject946,1.0,1.0,1.0,1.0,1.0,1.0,1.0,1.0,1.0,1.0
subject947,1.0,1.0,0.0,0.0,1.0,0.0,0.0,0.0,0.0,1.0
subject948,1.0,1.0,1.0,1.0,1.0,1.0,1.0,1.0,1.0,1.0
subject949,0.0,1.0,1.0,0.0,0.0,1.0,1.0,0.0,1.0,0.0
subject950,1.0,1.0,0.0,0.0,1.0,0.0,1.0,1.0,1.0,1.0
subject951,0.0,0.0,0.0,0.0,0.0,0.0,0.0,0.0,1.0,0.0
subject952,0.0,0.0,0.0,1.0,1.0,0.0,0.0,0.0,1.0,0.0
subject953,1.0,1.0,1.0,1.0,1.0,1.0,1.0,1.0,1.0,1.0
subject954,1.0,1.0,1.0,0.0,1.0,0.0,0.0,0.0,0.0,0.0
subject955,0.0,1.0,0.0,0.0,0.0,0.0,0.0,0.0,0.0,0.0
subject956,0.0,1.0,1.0,1.0,0.0,1.0,1.0,1.0,1.0,1.0
subject957,1.0,0.0,0.0,1.0,0.0,0.0,0.0,1.0,0.0,0.0
subject958,1.0,0.0,1.0,1.0,1.0,1.0,1.0,1.0,1.0,0.0
subject959,1.0,1.0,1.0,1.0,1.0,1.0,1.0,1.0,1.0,1.0
subject960,1.0,1.0,1.0,0.0,1.0,1.0,1.0,1.0,1.0,1.0
subject961,0.0,0.0,0.0,0.0,1.0,1.0,0.0,0.0,0.0,0.0
subject962,0.0,0.0,0.0,0.0,0.0,1.0,0.0,0.0,0.0,0.0
subject963,0.0,0.0,0.0,1.0,1.0,1.0,0.0,1.0,0.0,0.0
subject964,0.0,0.0,0.0,1.0,0.0,1.0,0.0,0.0,0.0,1.0
subject965,1.0,1.0,1.0,1.0,1.0,1.0,1.0,1.0,1.0,1.0
subject966,0.0,1.0,0.0,1.0,0.0,0.0,0.0,1.0,1.0,0.0
subject967,1.0,0.0,0.0,1.0,1.0,1.0,1.0,0.0,0.0,1.0
subject968,0.0,1.0,1.0,1.0,1.0,1.0,0.0,1.0,1.0,1.0
subject969,1.0,1.0,0.0,1.0,0.0,1.0,0.0,0.0,1.0,1.0
subject970,1.0,1.0,1.0,1.0,1.0,1.0,1.0,0.0,1.0,1.0
subject971,0.0,0.0,1.0,1.0,1.0,0.0,1.0,0.0,1.0,1.0
subject972,0.0,1.0,1.0,1.0,1.0,1.0,0.0,1.0,1.0,1.0
subject973,1.0,0.0,1.0,1.0,1.0,1.0,1.0,1.0,1.0,1.0
subject974,1.0,1.0,1.0,1.0,1.0,1.0,0.0,0.0,0.0,1.0
subject975,0.0,1.0,1.0,1.0,0.0,0.0,0.0,1.0,0.0,1.0
subject976,0.0,1.0,0.0,0.0,0.0,0.0,0.0,0.0,1.0,0.0
subject977,0.0,0.0,1.0,1.0,0.0,0.0,1.0,0.0,0.0,0.0
subject978,0.0,0.0,0.0,0.0,0.0,0.0,0.0,0.0,1.0,0.0
subject979,1.0,0.0,1.0,1.0,0.0,1.0,0.0,0.0,1.0,1.0
subject980,0.0,0.0,0.0,0.0,0.0,0.0,1.0,1.0,0.0,0.0
subject981,0.0,1.0,1.0,0.0,1.0,1.0,1.0,1.0,0.0,1.0
subject982,0.0,0.0,0.0,0.0,0.0,0.0,0.0,0.0,0.0,0.0
subject983,0.0,1.0,1.0,1.0,1.0,0.0,0.0,0.0,0.0,0.0
subject984,0.0,1.0,0.0,0.0,0.0,0.0,0.0,0.0,0.0,0.0
subject985,1.0,0.0,0.0,1.0,1.0,0.0,1.0,1.0,0.0,1.0
subject986,0.0,1.0,1.0,1.0,1.0,1.0,1.0,1.0,0.0,1.0
subject987,1.0,1.0,1.0,1.0,1.0,1.0,0.0,1.0,1.0,1.0
subject988,1.0,1.0,1.0,1.0,1.0,1.0,1.0,1.0,1.0,1.0
subject989,1.0,1.0,0.0,0.0,1.0,1.0,0.0,1.0,1.0,0.0
subject990,0.0,1.0,1.0,0.0,1.0,0.0,1.0,1.0,0.0,1.0
subject991,0.0,1.0,0.0,0.0,1.0,0.0,0.0,0.0,0.0,0.0
subject992,1.0,0.0,0.0,0.0,1.0,0.0,0.0,0.0,1.0,0.0
subject993,0.0,0.0,0.0,1.0,0.0,0.0,0.0,0.0,0.0,0.0
subject994,0.0,1.0,1.0,0.0,0.0,0.0,1.0,0.0,1.0,1.0
subject995,1.0,1.0,1.0,1.0,1.0,1.0,1.0,1.0,0.0,0.0
subject996,0.0,1.0,1.0,1.0,1.0,1.0,1.0,1.0,1.0,0.0
subject997,1.0,0.0,1.0,1.0,1.0,1.0,1.0,1.0,1.0,1.0
subject998,1.0,1.0,1.0,1.0,1.0,1.0,1.0,1.0,1.0,1.0
subject999,0.0,1.0,0.0,0.0,0.0,0.0,0.0,0.0,0.0,1.0
